,PERIODO,CODIGO_ENTIDAD,NOMBRE_ENTIDAD,CUENTA,NOMBRE_CUENTA,CUENTA_NIVEL_01,CUENTA_NIVEL_02,CUENTA_NIVEL_03,CUENTA_NIVEL_04,CUENTA_NIVEL_05,CUENTA_NIVEL_06,CUENTA_NIVEL_07,CUENTA_NIVEL_08,CUENTA_NIVEL_09,CUENTA_NIVEL_10,VIGENCIA_DEL_GASTO,SECCION_PRESUPUESTAL,PROGRAMATICO_MGA,BPIN,SECTOR,APROPIACION_INICIAL,APROPIACION_DEFINITIVA,VIGENCIA,TRIMESTRE,tipo,PRESUPUESTO_DEFINITIVO,PRESUPUESTO_INICIAL,TOTAL_RECAUDO,CPC,FUENTES_FINANCIACION,APLICA_DESTINACION_ESPECIFICA,TIPO_NORMA_DESTINACION,TIPO_NORMA,NUMERO_NORMA,TERCERO,POLITICA_PUBLICA,DETALLE_SECTORIAL,RECAUDO_VAC_SS,RECAUDO_VAC_CS,RECAUDO_VAN_SS,RECAUDO_VAN_CS,SITUACION_DE_FONDOS,TERCEROS,SECTORIAL,COMPROMISOS,OBLIGACIONES,PAGOS
524,20230901,923273184,Consejo Profesional de Geología,2.1.1.01.02.006,APORTES AL ICBF,GASTOS,FUNCIONAMIENTO,GASTOS DE PERSONAL,PLANTA DE PERSONAL PERMANENTE,CONTRIBUCIONES INHERENTES A LA NOMINA,APORTES AL ICBF,No Aplica,No Aplica,No Aplica,No Aplica,VIGENCIA ACTUAL,ENTIDADES DIFERENTES A ENTIDADES TERRITORIALES - GESTION GENERAL,NO DEFINIDO,NO DEFINIDO,NO APLICA,796181.0,579136.0,2023,Tercer Trimestre,pres_gasto,,,,,,,,,,,,,,,,,,,,,,
1299,20230901,923273184,Consejo Profesional de Geología,2.1.1.01.01.001.08.02,PRIMA DE VACACIONES,GASTOS,FUNCIONAMIENTO,GASTOS DE PERSONAL,PLANTA DE PERSONAL PERMANENTE,FACTORES CONSTITUTIVOS DE SALARIO,FACTORES SALARIALES COMUNES,PRESTACIONES SOCIALES,PRIMA DE VACACIONES,No Aplica,No Aplica,VIGENCIA ACTUAL,ENTIDADES DIFERENTES A ENTIDADES TERRITORIALES - GESTION GENERAL,NO DEFINIDO,NO DEFINIDO,NO APLICA,1658711.0,841796.0,2023,Tercer Trimestre,pres_gasto,,,,,,,,,,,,,,,,,,,,,,
1421,20230901,923273184,Consejo Profesional de Geología,2.1.1.01.02.004,APORTES A CAJAS DE COMPENSACION FAMILIAR,GASTOS,FUNCIONAMIENTO,GASTOS DE PERSONAL,PLANTA DE PERSONAL PERMANENTE,CONTRIBUCIONES INHERENTES A LA NOMINA,APORTES A CAJAS DE COMPENSACION FAMILIAR,No Aplica,No Aplica,No Aplica,No Aplica,VIGENCIA ACTUAL,ENTIDADES DIFERENTES A ENTIDADES TERRITORIALES - GESTION GENERAL,NO DEFINIDO,NO DEFINIDO,NO APLICA,1592363.0,1194272.0,2023,Tercer Trimestre,pres_gasto,,,,,,,,,,,,,,,,,,,,,,
3299,20230901,923273184,Consejo Profesional de Geología,2.1.1.01.02,CONTRIBUCIONES INHERENTES A LA NOMINA,GASTOS,FUNCIONAMIENTO,GASTOS DE PERSONAL,PLANTA DE PERSONAL PERMANENTE,CONTRIBUCIONES INHERENTES A LA NOMINA,No Aplica,No Aplica,No Aplica,No Aplica,No Aplica,VIGENCIA ACTUAL,ENTIDADES DIFERENTES A ENTIDADES TERRITORIALES - GESTION GENERAL,NO DEFINIDO,NO DEFINIDO,NO DEFINIDO,16311565.0,11312929.0,2023,Tercer Trimestre,pres_gasto,,,,,,,,,,,,,,,,,,,,,,
3501,20230901,923273184,Consejo Profesional de Geología,2.1.1,GASTOS DE PERSONAL,GASTOS,FUNCIONAMIENTO,GASTOS DE PERSONAL,No Aplica,No Aplica,No Aplica,No Aplica,No Aplica,No Aplica,No Aplica,VIGENCIA ACTUAL,ENTIDADES DIFERENTES A ENTIDADES TERRITORIALES - GESTION GENERAL,NO DEFINIDO,NO DEFINIDO,NO DEFINIDO,64752530.0,45389147.0,2023,Tercer Trimestre,pres_gasto,,,,,,,,,,,,,,,,,,,,,,
3942,20230901,923273184,Consejo Profesional de Geología,2.1.5.01.02,"PRODUCTOS ALIMENTICIOS, BEBIDAS Y TABACO, TEXTILES, PRENDAS DE VESTIR Y PRODUCTOS DE CUERO",GASTOS,FUNCIONAMIENTO,GASTOS DE COMERCIALIZACION Y PRODUCCION,MATERIALES Y SUMINISTROS,"PRODUCTOS ALIMENTICIOS, BEBIDAS Y TABACO, TEXTILES, PRENDAS DE VESTIR Y PRODUCTOS DE CUERO",No Aplica,No Aplica,No Aplica,No Aplica,No Aplica,VIGENCIA ACTUAL,ENTIDADES DIFERENTES A ENTIDADES TERRITORIALES - GESTION GENERAL,NO DEFINIDO,NO DEFINIDO,NO APLICA,2500000.0,0.0,2023,Tercer Trimestre,pres_gasto,,,,,,,,,,,,,,,,,,,,,,
7201,20230901,923273184,Consejo Profesional de Geología,2.1.1.01.01,FACTORES CONSTITUTIVOS DE SALARIO,GASTOS,FUNCIONAMIENTO,GASTOS DE PERSONAL,PLANTA DE PERSONAL PERMANENTE,FACTORES CONSTITUTIVOS DE SALARIO,No Aplica,No Aplica,No Aplica,No Aplica,No Aplica,VIGENCIA ACTUAL,ENTIDADES DIFERENTES A ENTIDADES TERRITORIALES - GESTION GENERAL,NO DEFINIDO,NO DEFINIDO,NO DEFINIDO,48440965.0,34076218.0,2023,Tercer Trimestre,pres_gasto,,,,,,,,,,,,,,,,,,,,,,
8832,20230901,923273184,Consejo Profesional de Geología,2.1.1.01.02.002,APORTES A LA SEGURIDAD SOCIAL EN SALUD,GASTOS,FUNCIONAMIENTO,GASTOS DE PERSONAL,PLANTA DE PERSONAL PERMANENTE,CONTRIBUCIONES INHERENTES A LA NOMINA,APORTES A LA SEGURIDAD SOCIAL EN SALUD,No Aplica,No Aplica,No Aplica,No Aplica,VIGENCIA ACTUAL,ENTIDADES DIFERENTES A ENTIDADES TERRITORIALES - GESTION GENERAL,NO DEFINIDO,NO DEFINIDO,NO APLICA,3093612.0,2388544.0,2023,Tercer Trimestre,pres_gasto,,,,,,,,,,,,,,,,,,,,,,
11767,20230901,923273184,Consejo Profesional de Geología,2.1.1.01.02.005,APORTES GENERALES AL SISTEMA DE RIESGOS LABORALES,GASTOS,FUNCIONAMIENTO,GASTOS DE PERSONAL,PLANTA DE PERSONAL PERMANENTE,CONTRIBUCIONES INHERENTES A LA NOMINA,APORTES GENERALES AL SISTEMA DE RIESGOS LABORALES,No Aplica,No Aplica,No Aplica,No Aplica,VIGENCIA ACTUAL,ENTIDADES DIFERENTES A ENTIDADES TERRITORIALES - GESTION GENERAL,NO DEFINIDO,NO DEFINIDO,NO APLICA,398091.0,179141.0,2023,Tercer Trimestre,pres_gasto,,,,,,,,,,,,,,,,,,,,,,
16077,20230901,923273184,Consejo Profesional de Geología,2.1.1.01.02.007,APORTES AL SENA,GASTOS,FUNCIONAMIENTO,GASTOS DE PERSONAL,PLANTA DE PERSONAL PERMANENTE,CONTRIBUCIONES INHERENTES A LA NOMINA,APORTES AL SENA,No Aplica,No Aplica,No Aplica,No Aplica,VIGENCIA ACTUAL,ENTIDADES DIFERENTES A ENTIDADES TERRITORIALES - GESTION GENERAL,NO DEFINIDO,NO DEFINIDO,NO APLICA,1592363.0,1194272.0,2023,Tercer Trimestre,pres_gasto,,,,,,,,,,,,,,,,,,,,,,
16961,20230901,923273184,Consejo Profesional de Geología,2.1.1.01.02.001,APORTES A LA SEGURIDAD SOCIAL EN PENSIONES,GASTOS,FUNCIONAMIENTO,GASTOS DE PERSONAL,PLANTA DE PERSONAL PERMANENTE,CONTRIBUCIONES INHERENTES A LA NOMINA,APORTES A LA SEGURIDAD SOCIAL EN PENSIONES,No Aplica,No Aplica,No Aplica,No Aplica,VIGENCIA ACTUAL,ENTIDADES DIFERENTES A ENTIDADES TERRITORIALES - GESTION GENERAL,NO DEFINIDO,NO DEFINIDO,NO APLICA,4808484.0,3732100.0,2023,Tercer Trimestre,pres_gasto,,,,,,,,,,,,,,,,,,,,,,
22009,20230901,923273184,Consejo Profesional de Geología,2.1.1.01.01.001.06,PRIMA DE SERVICIO,GASTOS,FUNCIONAMIENTO,GASTOS DE PERSONAL,PLANTA DE PERSONAL PERMANENTE,FACTORES CONSTITUTIVOS DE SALARIO,FACTORES SALARIALES COMUNES,PRIMA DE SERVICIO,No Aplica,No Aplica,No Aplica,VIGENCIA ACTUAL,ENTIDADES DIFERENTES A ENTIDADES TERRITORIALES - GESTION GENERAL,NO DEFINIDO,NO DEFINIDO,NO APLICA,3598635.0,1826307.0,2023,Tercer Trimestre,pres_gasto,,,,,,,,,,,,,,,,,,,,,,
22021,20230901,923273184,Consejo Profesional de Geología,2.1.1.01.01.001.01,SUELDO BASICO,GASTOS,FUNCIONAMIENTO,GASTOS DE PERSONAL,PLANTA DE PERSONAL PERMANENTE,FACTORES CONSTITUTIVOS DE SALARIO,FACTORES SALARIALES COMUNES,SUELDO BASICO,No Aplica,No Aplica,No Aplica,VIGENCIA ACTUAL,ENTIDADES DIFERENTES A ENTIDADES TERRITORIALES - GESTION GENERAL,NO DEFINIDO,NO DEFINIDO,NO APLICA,39809065.0,28961571.0,2023,Tercer Trimestre,pres_gasto,,,,,,,,,,,,,,,,,,,,,,
22133,20230901,923273184,Consejo Profesional de Geología,2.1.1.01.01.001.05,AUXILIO DE TRANSPORTE,GASTOS,FUNCIONAMIENTO,GASTOS DE PERSONAL,PLANTA DE PERSONAL PERMANENTE,FACTORES CONSTITUTIVOS DE SALARIO,FACTORES SALARIALES COMUNES,AUXILIO DE TRANSPORTE,No Aplica,No Aplica,No Aplica,VIGENCIA ACTUAL,ENTIDADES DIFERENTES A ENTIDADES TERRITORIALES - GESTION GENERAL,NO DEFINIDO,NO DEFINIDO,NO APLICA,3374554.0,2446544.0,2023,Tercer Trimestre,pres_gasto,,,,,,,,,,,,,,,,,,,,,,
24007,20230901,923273184,Consejo Profesional de Geología,2,GASTOS,GASTOS,No Aplica,No Aplica,No Aplica,No Aplica,No Aplica,No Aplica,No Aplica,No Aplica,No Aplica,VIGENCIA ACTUAL,ENTIDADES DIFERENTES A ENTIDADES TERRITORIALES - GESTION GENERAL,NO DEFINIDO,NO DEFINIDO,NO DEFINIDO,67252530.0,45389147.0,2023,Tercer Trimestre,pres_gasto,,,,,,,,,,,,,,,,,,,,,,
24073,20230901,923273184,Consejo Profesional de Geología,2.1.5.01,MATERIALES Y SUMINISTROS,GASTOS,FUNCIONAMIENTO,GASTOS DE COMERCIALIZACION Y PRODUCCION,MATERIALES Y SUMINISTROS,No Aplica,No Aplica,No Aplica,No Aplica,No Aplica,No Aplica,VIGENCIA ACTUAL,ENTIDADES DIFERENTES A ENTIDADES TERRITORIALES - GESTION GENERAL,NO DEFINIDO,NO DEFINIDO,NO DEFINIDO,2500000.0,0.0,2023,Tercer Trimestre,pres_gasto,,,,,,,,,,,,,,,,,,,,,,
28910,20230901,923273184,Consejo Profesional de Geología,2.1.1.01.01.001.08,PRESTACIONES SOCIALES,GASTOS,FUNCIONAMIENTO,GASTOS DE PERSONAL,PLANTA DE PERSONAL PERMANENTE,FACTORES CONSTITUTIVOS DE SALARIO,FACTORES SALARIALES COMUNES,PRESTACIONES SOCIALES,No Aplica,No Aplica,No Aplica,VIGENCIA ACTUAL,ENTIDADES DIFERENTES A ENTIDADES TERRITORIALES - GESTION GENERAL,NO DEFINIDO,NO DEFINIDO,NO DEFINIDO,1658711.0,841796.0,2023,Tercer Trimestre,pres_gasto,,,,,,,,,,,,,,,,,,,,,,
29303,20230901,923273184,Consejo Profesional de Geología,2.1.5,GASTOS DE COMERCIALIZACION Y PRODUCCION,GASTOS,FUNCIONAMIENTO,GASTOS DE COMERCIALIZACION Y PRODUCCION,No Aplica,No Aplica,No Aplica,No Aplica,No Aplica,No Aplica,No Aplica,VIGENCIA ACTUAL,ENTIDADES DIFERENTES A ENTIDADES TERRITORIALES - GESTION GENERAL,NO DEFINIDO,NO DEFINIDO,NO DEFINIDO,2500000.0,0.0,2023,Tercer Trimestre,pres_gasto,,,,,,,,,,,,,,,,,,,,,,
31753,20230901,923273184,Consejo Profesional de Geología,2.1,FUNCIONAMIENTO,GASTOS,FUNCIONAMIENTO,No Aplica,No Aplica,No Aplica,No Aplica,No Aplica,No Aplica,No Aplica,No Aplica,VIGENCIA ACTUAL,ENTIDADES DIFERENTES A ENTIDADES TERRITORIALES - GESTION GENERAL,NO DEFINIDO,NO DEFINIDO,NO DEFINIDO,67252530.0,45389147.0,2023,Tercer Trimestre,pres_gasto,,,,,,,,,,,,,,,,,,,,,,
34065,20230901,923273184,Consejo Profesional de Geología,2.1.1.01,PLANTA DE PERSONAL PERMANENTE,GASTOS,FUNCIONAMIENTO,GASTOS DE PERSONAL,PLANTA DE PERSONAL PERMANENTE,No Aplica,No Aplica,No Aplica,No Aplica,No Aplica,No Aplica,VIGENCIA ACTUAL,ENTIDADES DIFERENTES A ENTIDADES TERRITORIALES - GESTION GENERAL,NO DEFINIDO,NO DEFINIDO,NO DEFINIDO,64752530.0,45389147.0,2023,Tercer Trimestre,pres_gasto,,,,,,,,,,,,,,,,,,,,,,
36274,20230901,923273184,Consejo Profesional de Geología,2.1.1.01.01.001,FACTORES SALARIALES COMUNES,GASTOS,FUNCIONAMIENTO,GASTOS DE PERSONAL,PLANTA DE PERSONAL PERMANENTE,FACTORES CONSTITUTIVOS DE SALARIO,FACTORES SALARIALES COMUNES,No Aplica,No Aplica,No Aplica,No Aplica,VIGENCIA ACTUAL,ENTIDADES DIFERENTES A ENTIDADES TERRITORIALES - GESTION GENERAL,NO DEFINIDO,NO DEFINIDO,NO DEFINIDO,48440965.0,34076218.0,2023,Tercer Trimestre,pres_gasto,,,,,,,,,,,,,,,,,,,,,,
38223,20230901,923273184,Consejo Profesional de Geología,2.1.1.01.02.003,APORTES DE CESANTIAS,GASTOS,FUNCIONAMIENTO,GASTOS DE PERSONAL,PLANTA DE PERSONAL PERMANENTE,CONTRIBUCIONES INHERENTES A LA NOMINA,APORTES DE CESANTIAS,No Aplica,No Aplica,No Aplica,No Aplica,VIGENCIA ACTUAL,ENTIDADES DIFERENTES A ENTIDADES TERRITORIALES - GESTION GENERAL,NO DEFINIDO,NO DEFINIDO,NO APLICA,4030471.0,2045464.0,2023,Tercer Trimestre,pres_gasto,,,,,,,,,,,,,,,,,,,,,,
2016168,20230301,923273184,Consejo Profesional de Geología,2.1.1.01.01.001.05,AUXILIO DE TRANSPORTE,GASTOS,FUNCIONAMIENTO,GASTOS DE PERSONAL,PLANTA DE PERSONAL PERMANENTE,FACTORES CONSTITUTIVOS DE SALARIO,FACTORES SALARIALES COMUNES,AUXILIO DE TRANSPORTE,No Aplica,No Aplica,No Aplica,VIGENCIA ACTUAL,ENTIDADES DIFERENTES A ENTIDADES TERRITORIALES - GESTION GENERAL,NO DEFINIDO,NO DEFINIDO,NO APLICA,3374554.0,759272.0,2023,Primer Trimestre,pres_gasto,,,,,,,,,,,,,,,,,,,,,,
2174736,20211201,923273184,Consejo Profesional de Geología,2.1.1.01.01.001.01,SUELDO BASICO,GASTOS,FUNCIONAMIENTO,GASTOS DE PERSONAL,PLANTA DE PERSONAL PERMANENTE,FACTORES CONSTITUTIVOS DE SALARIO,FACTORES SALARIALES COMUNES,SUELDO BASICO,No Aplica,No Aplica,No Aplica,VIGENCIA ACTUAL,ENTIDADES DIFERENTES A ENTIDADES TERRITORIALES - GESTION GENERAL,NO DEFINIDO,NO DEFINIDO,NO APLICA,55029382.0,46375252.0,2021,Cuarto Trimestre,pres_gasto,,,,,,,,,,,,,,,,,,,,,,
2197254,20211201,923273184,Consejo Profesional de Geología,2.1.1.01.01,FACTORES CONSTITUTIVOS DE SALARIO,GASTOS,FUNCIONAMIENTO,GASTOS DE PERSONAL,PLANTA DE PERSONAL PERMANENTE,FACTORES CONSTITUTIVOS DE SALARIO,No Aplica,No Aplica,No Aplica,No Aplica,No Aplica,VIGENCIA ACTUAL,ENTIDADES DIFERENTES A ENTIDADES TERRITORIALES - GESTION GENERAL,NO DEFINIDO,NO DEFINIDO,NO DEFINIDO,94211685.0,81387129.0,2021,Cuarto Trimestre,pres_gasto,,,,,,,,,,,,,,,,,,,,,,
2256171,20230301,923273184,Consejo Profesional de Geología,2.1.1.01.01.001.08.02,PRIMA DE VACACIONES,GASTOS,FUNCIONAMIENTO,GASTOS DE PERSONAL,PLANTA DE PERSONAL PERMANENTE,FACTORES CONSTITUTIVOS DE SALARIO,FACTORES SALARIALES COMUNES,PRESTACIONES SOCIALES,PRIMA DE VACACIONES,No Aplica,No Aplica,VIGENCIA ACTUAL,ENTIDADES DIFERENTES A ENTIDADES TERRITORIALES - GESTION GENERAL,NO DEFINIDO,NO DEFINIDO,NO APLICA,1658711.0,261247.0,2023,Primer Trimestre,pres_gasto,,,,,,,,,,,,,,,,,,,,,,
2311439,20230301,923273184,Consejo Profesional de Geología,2.1.1.01.01.001,FACTORES SALARIALES COMUNES,GASTOS,FUNCIONAMIENTO,GASTOS DE PERSONAL,PLANTA DE PERSONAL PERMANENTE,FACTORES CONSTITUTIVOS DE SALARIO,FACTORES SALARIALES COMUNES,No Aplica,No Aplica,No Aplica,No Aplica,VIGENCIA ACTUAL,ENTIDADES DIFERENTES A ENTIDADES TERRITORIALES - GESTION GENERAL,NO DEFINIDO,NO DEFINIDO,NO DEFINIDO,48440965.0,10544343.0,2023,Primer Trimestre,pres_gasto,,,,,,,,,,,,,,,,,,,,,,
2315544,20210901,923273184,Consejo Profesional de Geología,2.1.1.01.01.001.05,AUXILIO DE TRANSPORTE,GASTOS,FUNCIONAMIENTO,GASTOS DE PERSONAL,PLANTA DE PERSONAL PERMANENTE,FACTORES CONSTITUTIVOS DE SALARIO,FACTORES SALARIALES COMUNES,AUXILIO DE TRANSPORTE,No Aplica,No Aplica,No Aplica,VIGENCIA ACTUAL,ENTIDADES DIFERENTES A ENTIDADES TERRITORIALES - GESTION GENERAL,NO DEFINIDO,NO DEFINIDO,NO APLICA,3832344.0,2980712.0,2021,Tercer Trimestre,pres_gasto,,,,,,,,,,,,,,,,,,,,,,
2430314,20230301,923273184,Consejo Profesional de Geología,2.1.5,GASTOS DE COMERCIALIZACION Y PRODUCCION,GASTOS,FUNCIONAMIENTO,GASTOS DE COMERCIALIZACION Y PRODUCCION,No Aplica,No Aplica,No Aplica,No Aplica,No Aplica,No Aplica,No Aplica,VIGENCIA ACTUAL,ENTIDADES DIFERENTES A ENTIDADES TERRITORIALES - GESTION GENERAL,NO DEFINIDO,NO DEFINIDO,NO DEFINIDO,2500000.0,0.0,2023,Primer Trimestre,pres_gasto,,,,,,,,,,,,,,,,,,,,,,
2460324,20210901,923273184,Consejo Profesional de Geología,2.1,FUNCIONAMIENTO,GASTOS,FUNCIONAMIENTO,No Aplica,No Aplica,No Aplica,No Aplica,No Aplica,No Aplica,No Aplica,No Aplica,VIGENCIA ACTUAL,ENTIDADES DIFERENTES A ENTIDADES TERRITORIALES - GESTION GENERAL,NO DEFINIDO,NO DEFINIDO,NO DEFINIDO,85320277.0,59087780.0,2021,Tercer Trimestre,pres_gasto,,,,,,,,,,,,,,,,,,,,,,
2493083,20230301,923273184,Consejo Profesional de Geología,2.1.1.01.02,CONTRIBUCIONES INHERENTES A LA NOMINA,GASTOS,FUNCIONAMIENTO,GASTOS DE PERSONAL,PLANTA DE PERSONAL PERMANENTE,CONTRIBUCIONES INHERENTES A LA NOMINA,No Aplica,No Aplica,No Aplica,No Aplica,No Aplica,VIGENCIA ACTUAL,ENTIDADES DIFERENTES A ENTIDADES TERRITORIALES - GESTION GENERAL,NO DEFINIDO,NO DEFINIDO,NO DEFINIDO,15913474.0,3630431.0,2023,Primer Trimestre,pres_gasto,,,,,,,,,,,,,,,,,,,,,,
2521992,20210901,923273184,Consejo Profesional de Geología,2.1,FUNCIONAMIENTO,GASTOS,FUNCIONAMIENTO,No Aplica,No Aplica,No Aplica,No Aplica,No Aplica,No Aplica,No Aplica,No Aplica,VIGENCIA ACTUAL,ENTIDADES TERRITORIALES - SECCION PRESUPUESTAL ADICIONAL 1,NO DEFINIDO,NO DEFINIDO,NO DEFINIDO,84468645.0,59087780.0,2021,Tercer Trimestre,pres_gasto,,,,,,,,,,,,,,,,,,,,,,
2541429,20230301,923273184,Consejo Profesional de Geología,2.1.2.02.02,ADQUISICION DE SERVICIOS,GASTOS,FUNCIONAMIENTO,ADQUISICION DE BIENES Y SERVICIOS,ADQUISICIONES DIFERENTES DE ACTIVOS,ADQUISICION DE SERVICIOS,No Aplica,No Aplica,No Aplica,No Aplica,No Aplica,VIGENCIA ACTUAL,ENTIDADES DIFERENTES A ENTIDADES TERRITORIALES - GESTION GENERAL,NO DEFINIDO,NO DEFINIDO,NO DEFINIDO,258270987.0,50452921.0,2023,Primer Trimestre,pres_gasto,,,,,,,,,,,,,,,,,,,,,,
2560228,20210901,923273184,Consejo Profesional de Geología,2.1.1.01,PLANTA DE PERSONAL PERMANENTE,GASTOS,FUNCIONAMIENTO,GASTOS DE PERSONAL,PLANTA DE PERSONAL PERMANENTE,No Aplica,No Aplica,No Aplica,No Aplica,No Aplica,No Aplica,VIGENCIA ACTUAL,ENTIDADES DIFERENTES A ENTIDADES TERRITORIALES - GESTION GENERAL,NO DEFINIDO,NO DEFINIDO,NO DEFINIDO,85320277.0,59087780.0,2021,Tercer Trimestre,pres_gasto,,,,,,,,,,,,,,,,,,,,,,
2579089,20230301,923273184,Consejo Profesional de Geología,2.1.1.01.02.007,APORTES AL SENA,GASTOS,FUNCIONAMIENTO,GASTOS DE PERSONAL,PLANTA DE PERSONAL PERMANENTE,CONTRIBUCIONES INHERENTES A LA NOMINA,APORTES AL SENA,No Aplica,No Aplica,No Aplica,No Aplica,VIGENCIA ACTUAL,ENTIDADES DIFERENTES A ENTIDADES TERRITORIALES - GESTION GENERAL,NO DEFINIDO,NO DEFINIDO,NO APLICA,1592363.0,298568.0,2023,Primer Trimestre,pres_gasto,,,,,,,,,,,,,,,,,,,,,,
2620313,20210901,923273184,Consejo Profesional de Geología,2.1.1.01.01.001,FACTORES SALARIALES COMUNES,GASTOS,FUNCIONAMIENTO,GASTOS DE PERSONAL,PLANTA DE PERSONAL PERMANENTE,FACTORES CONSTITUTIVOS DE SALARIO,FACTORES SALARIALES COMUNES,No Aplica,No Aplica,No Aplica,No Aplica,VIGENCIA ACTUAL,ENTIDADES DIFERENTES A ENTIDADES TERRITORIALES - GESTION GENERAL,NO DEFINIDO,NO DEFINIDO,NO DEFINIDO,85320277.0,59087780.0,2021,Tercer Trimestre,pres_gasto,,,,,,,,,,,,,,,,,,,,,,
2628014,20230301,923273184,Consejo Profesional de Geología,2.1.2.02.02.007,SERVICIOS FINANCIEROS Y SERVICIOS CONEXOS; SERVICIOS INMOBILIARIOS; Y SERVICIOS DE ARRENDAMIENTO Y LEASING,GASTOS,FUNCIONAMIENTO,ADQUISICION DE BIENES Y SERVICIOS,ADQUISICIONES DIFERENTES DE ACTIVOS,ADQUISICION DE SERVICIOS,SERVICIOS FINANCIEROS Y SERVICIOS CONEXOS; SERVICIOS INMOBILIARIOS; Y SERVICIOS DE ARRENDAMIENTO Y LEASING,No Aplica,No Aplica,No Aplica,No Aplica,VIGENCIA ACTUAL,ENTIDADES DIFERENTES A ENTIDADES TERRITORIALES - GESTION GENERAL,NO DEFINIDO,NO DEFINIDO,NO APLICA,29000000.0,1346371.0,2023,Primer Trimestre,pres_gasto,,,,,,,,,,,,,,,,,,,,,,
2671312,20230301,923273184,Consejo Profesional de Geología,2.1.1.01.01.001.01,SUELDO BASICO,GASTOS,FUNCIONAMIENTO,GASTOS DE PERSONAL,PLANTA DE PERSONAL PERMANENTE,FACTORES CONSTITUTIVOS DE SALARIO,FACTORES SALARIALES COMUNES,SUELDO BASICO,No Aplica,No Aplica,No Aplica,VIGENCIA ACTUAL,ENTIDADES DIFERENTES A ENTIDADES TERRITORIALES - GESTION GENERAL,NO DEFINIDO,NO DEFINIDO,NO APLICA,39809065.0,8957039.0,2023,Primer Trimestre,pres_gasto,,,,,,,,,,,,,,,,,,,,,,
2691045,20210901,923273184,Consejo Profesional de Geología,2.1.1.01.01.001.06,PRIMA DE SERVICIO,GASTOS,FUNCIONAMIENTO,GASTOS DE PERSONAL,PLANTA DE PERSONAL PERMANENTE,FACTORES CONSTITUTIVOS DE SALARIO,FACTORES SALARIALES COMUNES,PRIMA DE SERVICIO,No Aplica,No Aplica,No Aplica,VIGENCIA ACTUAL,ENTIDADES DIFERENTES A ENTIDADES TERRITORIALES - GESTION GENERAL,NO DEFINIDO,NO DEFINIDO,NO APLICA,4084173.0,3922042.0,2021,Tercer Trimestre,pres_gasto,,,,,,,,,,,,,,,,,,,,,,
2702162,20211201,923273184,Consejo Profesional de Geología,2,GASTOS,GASTOS,No Aplica,No Aplica,No Aplica,No Aplica,No Aplica,No Aplica,No Aplica,No Aplica,No Aplica,VIGENCIA ACTUAL,ENTIDADES DIFERENTES A ENTIDADES TERRITORIALES - GESTION GENERAL,NO DEFINIDO,NO DEFINIDO,NO DEFINIDO,94211685.0,81387129.0,2021,Cuarto Trimestre,pres_gasto,,,,,,,,,,,,,,,,,,,,,,
2719849,20210901,923273184,Consejo Profesional de Geología,2.1.1.01.01.001.08,PRESTACIONES SOCIALES,GASTOS,FUNCIONAMIENTO,GASTOS DE PERSONAL,PLANTA DE PERSONAL PERMANENTE,FACTORES CONSTITUTIVOS DE SALARIO,FACTORES SALARIALES COMUNES,PRESTACIONES SOCIALES,No Aplica,No Aplica,No Aplica,VIGENCIA ACTUAL,ENTIDADES DIFERENTES A ENTIDADES TERRITORIALES - GESTION GENERAL,NO DEFINIDO,NO DEFINIDO,NO DEFINIDO,22374378.0,17487978.0,2021,Tercer Trimestre,pres_gasto,,,,,,,,,,,,,,,,,,,,,,
2737025,20210901,923273184,Consejo Profesional de Geología,2.1.1.01.01.001.01,SUELDO BASICO,GASTOS,FUNCIONAMIENTO,GASTOS DE PERSONAL,PLANTA DE PERSONAL PERMANENTE,FACTORES CONSTITUTIVOS DE SALARIO,FACTORES SALARIALES COMUNES,SUELDO BASICO,No Aplica,No Aplica,No Aplica,VIGENCIA ACTUAL,ENTIDADES TERRITORIALES - SECCION PRESUPUESTAL ADICIONAL 1,NO DEFINIDO,NO DEFINIDO,NO APLICA,84468645.0,59087780.0,2021,Tercer Trimestre,pres_gasto,,,,,,,,,,,,,,,,,,,,,,
2775095,20211201,923273184,Consejo Profesional de Geología,2.1.1.01.01.001.08.02,PRIMA DE VACACIONES,GASTOS,FUNCIONAMIENTO,GASTOS DE PERSONAL,PLANTA DE PERSONAL PERMANENTE,FACTORES CONSTITUTIVOS DE SALARIO,FACTORES SALARIALES COMUNES,PRESTACIONES SOCIALES,PRIMA DE VACACIONES,No Aplica,No Aplica,VIGENCIA ACTUAL,ENTIDADES DIFERENTES A ENTIDADES TERRITORIALES - GESTION GENERAL,NO DEFINIDO,NO DEFINIDO,NO APLICA,29832507.0,25896100.0,2021,Cuarto Trimestre,pres_gasto,,,,,,,,,,,,,,,,,,,,,,
2792563,20211201,923273184,Consejo Profesional de Geología,2.1.1,GASTOS DE PERSONAL,GASTOS,FUNCIONAMIENTO,GASTOS DE PERSONAL,No Aplica,No Aplica,No Aplica,No Aplica,No Aplica,No Aplica,No Aplica,VIGENCIA ACTUAL,ENTIDADES DIFERENTES A ENTIDADES TERRITORIALES - GESTION GENERAL,NO DEFINIDO,NO DEFINIDO,NO DEFINIDO,94211685.0,81387129.0,2021,Cuarto Trimestre,pres_gasto,,,,,,,,,,,,,,,,,,,,,,
2820592,20230301,923273184,Consejo Profesional de Geología,2.1,FUNCIONAMIENTO,GASTOS,FUNCIONAMIENTO,No Aplica,No Aplica,No Aplica,No Aplica,No Aplica,No Aplica,No Aplica,No Aplica,VIGENCIA ACTUAL,ENTIDADES DIFERENTES A ENTIDADES TERRITORIALES - GESTION GENERAL,NO DEFINIDO,NO DEFINIDO,NO DEFINIDO,335789362.0,68127695.0,2023,Primer Trimestre,pres_gasto,,,,,,,,,,,,,,,,,,,,,,
2825609,20230301,923273184,Consejo Profesional de Geología,2.1.1.01.02.002,APORTES A LA SEGURIDAD SOCIAL EN SALUD,GASTOS,FUNCIONAMIENTO,GASTOS DE PERSONAL,PLANTA DE PERSONAL PERMANENTE,CONTRIBUCIONES INHERENTES A LA NOMINA,APORTES A LA SEGURIDAD SOCIAL EN SALUD,No Aplica,No Aplica,No Aplica,No Aplica,VIGENCIA ACTUAL,ENTIDADES DIFERENTES A ENTIDADES TERRITORIALES - GESTION GENERAL,NO DEFINIDO,NO DEFINIDO,NO APLICA,3093612.0,796181.0,2023,Primer Trimestre,pres_gasto,,,,,,,,,,,,,,,,,,,,,,
2826012,20210901,923273184,Consejo Profesional de Geología,2.1.1,GASTOS DE PERSONAL,GASTOS,FUNCIONAMIENTO,GASTOS DE PERSONAL,No Aplica,No Aplica,No Aplica,No Aplica,No Aplica,No Aplica,No Aplica,VIGENCIA ACTUAL,ENTIDADES TERRITORIALES - SECCION PRESUPUESTAL ADICIONAL 1,NO DEFINIDO,NO DEFINIDO,NO DEFINIDO,84468645.0,59087780.0,2021,Tercer Trimestre,pres_gasto,,,,,,,,,,,,,,,,,,,,,,
2836854,20210901,923273184,Consejo Profesional de Geología,2.1.1.01.01,FACTORES CONSTITUTIVOS DE SALARIO,GASTOS,FUNCIONAMIENTO,GASTOS DE PERSONAL,PLANTA DE PERSONAL PERMANENTE,FACTORES CONSTITUTIVOS DE SALARIO,No Aplica,No Aplica,No Aplica,No Aplica,No Aplica,VIGENCIA ACTUAL,ENTIDADES DIFERENTES A ENTIDADES TERRITORIALES - GESTION GENERAL,NO DEFINIDO,NO DEFINIDO,NO DEFINIDO,85320277.0,59087780.0,2021,Tercer Trimestre,pres_gasto,,,,,,,,,,,,,,,,,,,,,,
2902333,20210901,923273184,Consejo Profesional de Geología,2.99,INVERSIÓN CONSOLIDADA,GASTOS,INVERSIÓN CONSOLIDADA,No Aplica,No Aplica,No Aplica,No Aplica,No Aplica,No Aplica,No Aplica,No Aplica,VIGENCIA ACTUAL,ENTIDADES DIFERENTES A ENTIDADES TERRITORIALES - GESTION GENERAL,NO DEFINIDO,NO DEFINIDO,NO APLICA,1.0,1.0,2021,Tercer Trimestre,pres_gasto,,,,,,,,,,,,,,,,,,,,,,
2999133,20210901,923273184,Consejo Profesional de Geología,2.1.1.01.01.001.08.01,PRIMA DE NAVIDAD,GASTOS,FUNCIONAMIENTO,GASTOS DE PERSONAL,PLANTA DE PERSONAL PERMANENTE,FACTORES CONSTITUTIVOS DE SALARIO,FACTORES SALARIALES COMUNES,PRESTACIONES SOCIALES,PRIMA DE NAVIDAD,No Aplica,No Aplica,VIGENCIA ACTUAL,ENTIDADES DIFERENTES A ENTIDADES TERRITORIALES - GESTION GENERAL,NO DEFINIDO,NO DEFINIDO,NO APLICA,22374378.0,17487978.0,2021,Tercer Trimestre,pres_gasto,,,,,,,,,,,,,,,,,,,,,,
3027611,20230301,923273184,Consejo Profesional de Geología,2.1.8,"GASTOS POR TRIBUTOS, TASAS, CONTRIBUCIONES, MULTAS, SANCIONES E INTERESES DE MORA",GASTOS,FUNCIONAMIENTO,"GASTOS POR TRIBUTOS, TASAS, CONTRIBUCIONES, MULTAS, SANCIONES E INTERESES DE MORA",No Aplica,No Aplica,No Aplica,No Aplica,No Aplica,No Aplica,No Aplica,VIGENCIA ACTUAL,ENTIDADES DIFERENTES A ENTIDADES TERRITORIALES - GESTION GENERAL,NO DEFINIDO,NO DEFINIDO,NO DEFINIDO,663936.0,0.0,2023,Primer Trimestre,pres_gasto,,,,,,,,,,,,,,,,,,,,,,
3091312,20210901,923273184,Consejo Profesional de Geología,2.1.1.01.01,FACTORES CONSTITUTIVOS DE SALARIO,GASTOS,FUNCIONAMIENTO,GASTOS DE PERSONAL,PLANTA DE PERSONAL PERMANENTE,FACTORES CONSTITUTIVOS DE SALARIO,No Aplica,No Aplica,No Aplica,No Aplica,No Aplica,VIGENCIA ACTUAL,ENTIDADES TERRITORIALES - SECCION PRESUPUESTAL ADICIONAL 1,NO DEFINIDO,NO DEFINIDO,NO DEFINIDO,84468645.0,59087780.0,2021,Tercer Trimestre,pres_gasto,,,,,,,,,,,,,,,,,,,,,,
3155955,20211201,923273184,Consejo Profesional de Geología,2.1,FUNCIONAMIENTO,GASTOS,FUNCIONAMIENTO,No Aplica,No Aplica,No Aplica,No Aplica,No Aplica,No Aplica,No Aplica,No Aplica,VIGENCIA ACTUAL,ENTIDADES DIFERENTES A ENTIDADES TERRITORIALES - GESTION GENERAL,NO DEFINIDO,NO DEFINIDO,NO DEFINIDO,94211685.0,81387129.0,2021,Cuarto Trimestre,pres_gasto,,,,,,,,,,,,,,,,,,,,,,
3178233,20210901,923273184,Consejo Profesional de Geología,2.1.1.01.01.001.01,SUELDO BASICO,GASTOS,FUNCIONAMIENTO,GASTOS DE PERSONAL,PLANTA DE PERSONAL PERMANENTE,FACTORES CONSTITUTIVOS DE SALARIO,FACTORES SALARIALES COMUNES,SUELDO BASICO,No Aplica,No Aplica,No Aplica,VIGENCIA ACTUAL,ENTIDADES DIFERENTES A ENTIDADES TERRITORIALES - GESTION GENERAL,NO DEFINIDO,NO DEFINIDO,NO APLICA,55029382.0,34697048.0,2021,Tercer Trimestre,pres_gasto,,,,,,,,,,,,,,,,,,,,,,
3310799,20230301,923273184,Consejo Profesional de Geología,2.1.2.02.01.003,"OTROS BIENES TRANSPORTABLES EXCEPTO PRODUCTOS METALICOS, MAQUINARIA Y EQUIPO",GASTOS,FUNCIONAMIENTO,ADQUISICION DE BIENES Y SERVICIOS,ADQUISICIONES DIFERENTES DE ACTIVOS,MATERIALES Y SUMINISTROS,"OTROS BIENES TRANSPORTABLES EXCEPTO PRODUCTOS METALICOS, MAQUINARIA Y EQUIPO",No Aplica,No Aplica,No Aplica,No Aplica,VIGENCIA ACTUAL,ENTIDADES DIFERENTES A ENTIDADES TERRITORIALES - GESTION GENERAL,NO DEFINIDO,NO DEFINIDO,NO APLICA,10000000.0,3500000.0,2023,Primer Trimestre,pres_gasto,,,,,,,,,,,,,,,,,,,,,,
3330859,20230301,923273184,Consejo Profesional de Geología,2.1.2,ADQUISICION DE BIENES Y SERVICIOS,GASTOS,FUNCIONAMIENTO,ADQUISICION DE BIENES Y SERVICIOS,No Aplica,No Aplica,No Aplica,No Aplica,No Aplica,No Aplica,No Aplica,VIGENCIA ACTUAL,ENTIDADES DIFERENTES A ENTIDADES TERRITORIALES - GESTION GENERAL,NO DEFINIDO,NO DEFINIDO,NO DEFINIDO,268270987.0,53952921.0,2023,Primer Trimestre,pres_gasto,,,,,,,,,,,,,,,,,,,,,,
3347824,20230301,923273184,Consejo Profesional de Geología,2.1.5.01,MATERIALES Y SUMINISTROS,GASTOS,FUNCIONAMIENTO,GASTOS DE COMERCIALIZACION Y PRODUCCION,MATERIALES Y SUMINISTROS,No Aplica,No Aplica,No Aplica,No Aplica,No Aplica,No Aplica,VIGENCIA ACTUAL,ENTIDADES DIFERENTES A ENTIDADES TERRITORIALES - GESTION GENERAL,NO DEFINIDO,NO DEFINIDO,NO DEFINIDO,2500000.0,0.0,2023,Primer Trimestre,pres_gasto,,,,,,,,,,,,,,,,,,,,,,
3366368,20230301,923273184,Consejo Profesional de Geología,2.1.5.01.02,"PRODUCTOS ALIMENTICIOS, BEBIDAS Y TABACO, TEXTILES, PRENDAS DE VESTIR Y PRODUCTOS DE CUERO",GASTOS,FUNCIONAMIENTO,GASTOS DE COMERCIALIZACION Y PRODUCCION,MATERIALES Y SUMINISTROS,"PRODUCTOS ALIMENTICIOS, BEBIDAS Y TABACO, TEXTILES, PRENDAS DE VESTIR Y PRODUCTOS DE CUERO",No Aplica,No Aplica,No Aplica,No Aplica,No Aplica,VIGENCIA ACTUAL,ENTIDADES DIFERENTES A ENTIDADES TERRITORIALES - GESTION GENERAL,NO DEFINIDO,NO DEFINIDO,ORGANISMOS DE CONTROL,2500000.0,0.0,2023,Primer Trimestre,pres_gasto,,,,,,,,,,,,,,,,,,,,,,
3425290,20211201,923273184,Consejo Profesional de Geología,2.1.1.01.01.001.06,PRIMA DE SERVICIO,GASTOS,FUNCIONAMIENTO,GASTOS DE PERSONAL,PLANTA DE PERSONAL PERMANENTE,FACTORES CONSTITUTIVOS DE SALARIO,FACTORES SALARIALES COMUNES,PRIMA DE SERVICIO,No Aplica,No Aplica,No Aplica,VIGENCIA ACTUAL,ENTIDADES DIFERENTES A ENTIDADES TERRITORIALES - GESTION GENERAL,NO DEFINIDO,NO DEFINIDO,NO APLICA,5445564.0,5283433.0,2021,Cuarto Trimestre,pres_gasto,,,,,,,,,,,,,,,,,,,,,,
3461461,20230301,923273184,Consejo Profesional de Geología,2.1.8.04.01,CUOTA DE FISCALIZACION Y AUDITAJE,GASTOS,FUNCIONAMIENTO,"GASTOS POR TRIBUTOS, TASAS, CONTRIBUCIONES, MULTAS, SANCIONES E INTERESES DE MORA",CONTRIBUCIONES,CUOTA DE FISCALIZACION Y AUDITAJE,No Aplica,No Aplica,No Aplica,No Aplica,No Aplica,VIGENCIA ACTUAL,ENTIDADES DIFERENTES A ENTIDADES TERRITORIALES - GESTION GENERAL,NO DEFINIDO,NO DEFINIDO,NO APLICA,663936.0,0.0,2023,Primer Trimestre,pres_gasto,,,,,,,,,,,,,,,,,,,,,,
3497630,20230301,923273184,Consejo Profesional de Geología,2.1.2.02.02.009,"SERVICIOS PARA LA COMUNIDAD, SOCIALES Y PERSONALES",GASTOS,FUNCIONAMIENTO,ADQUISICION DE BIENES Y SERVICIOS,ADQUISICIONES DIFERENTES DE ACTIVOS,ADQUISICION DE SERVICIOS,"SERVICIOS PARA LA COMUNIDAD, SOCIALES Y PERSONALES",No Aplica,No Aplica,No Aplica,No Aplica,VIGENCIA ACTUAL,ENTIDADES DIFERENTES A ENTIDADES TERRITORIALES - GESTION GENERAL,NO DEFINIDO,NO DEFINIDO,ORGANISMOS DE CONTROL,44810000.0,5000000.0,2023,Primer Trimestre,pres_gasto,,,,,,,,,,,,,,,,,,,,,,
3530909,20230301,923273184,Consejo Profesional de Geología,2.1.1.01.01.001.08,PRESTACIONES SOCIALES,GASTOS,FUNCIONAMIENTO,GASTOS DE PERSONAL,PLANTA DE PERSONAL PERMANENTE,FACTORES CONSTITUTIVOS DE SALARIO,FACTORES SALARIALES COMUNES,PRESTACIONES SOCIALES,No Aplica,No Aplica,No Aplica,VIGENCIA ACTUAL,ENTIDADES DIFERENTES A ENTIDADES TERRITORIALES - GESTION GENERAL,NO DEFINIDO,NO DEFINIDO,NO DEFINIDO,1658711.0,261247.0,2023,Primer Trimestre,pres_gasto,,,,,,,,,,,,,,,,,,,,,,
3573859,20230301,923273184,Consejo Profesional de Geología,2.1.2.02.02.008,SERVICIOS PRESTADOS A LAS EMPRESAS Y SERVICIOS DE PRODUCCION,GASTOS,FUNCIONAMIENTO,ADQUISICION DE BIENES Y SERVICIOS,ADQUISICIONES DIFERENTES DE ACTIVOS,ADQUISICION DE SERVICIOS,SERVICIOS PRESTADOS A LAS EMPRESAS Y SERVICIOS DE PRODUCCION,No Aplica,No Aplica,No Aplica,No Aplica,VIGENCIA ACTUAL,ENTIDADES DIFERENTES A ENTIDADES TERRITORIALES - GESTION GENERAL,NO DEFINIDO,NO DEFINIDO,ORGANISMOS DE CONTROL,184460987.0,44106550.0,2023,Primer Trimestre,pres_gasto,,,,,,,,,,,,,,,,,,,,,,
3636235,20230301,923273184,Consejo Profesional de Geología,2.1.1.01.02.005,APORTES GENERALES AL SISTEMA DE RIESGOS LABORALES,GASTOS,FUNCIONAMIENTO,GASTOS DE PERSONAL,PLANTA DE PERSONAL PERMANENTE,CONTRIBUCIONES INHERENTES A LA NOMINA,APORTES GENERALES AL SISTEMA DE RIESGOS LABORALES,No Aplica,No Aplica,No Aplica,No Aplica,VIGENCIA ACTUAL,ENTIDADES DIFERENTES A ENTIDADES TERRITORIALES - GESTION GENERAL,NO DEFINIDO,NO DEFINIDO,NO APLICA,398091.0,59714.0,2023,Primer Trimestre,pres_gasto,,,,,,,,,,,,,,,,,,,,,,
3737236,20230301,923273184,Consejo Profesional de Geología,2.1.1.01.01,FACTORES CONSTITUTIVOS DE SALARIO,GASTOS,FUNCIONAMIENTO,GASTOS DE PERSONAL,PLANTA DE PERSONAL PERMANENTE,FACTORES CONSTITUTIVOS DE SALARIO,No Aplica,No Aplica,No Aplica,No Aplica,No Aplica,VIGENCIA ACTUAL,ENTIDADES DIFERENTES A ENTIDADES TERRITORIALES - GESTION GENERAL,NO DEFINIDO,NO DEFINIDO,NO DEFINIDO,48440965.0,10544343.0,2023,Primer Trimestre,pres_gasto,,,,,,,,,,,,,,,,,,,,,,
3742463,20210901,923273184,Consejo Profesional de Geología,2.1.1.01,PLANTA DE PERSONAL PERMANENTE,GASTOS,FUNCIONAMIENTO,GASTOS DE PERSONAL,PLANTA DE PERSONAL PERMANENTE,No Aplica,No Aplica,No Aplica,No Aplica,No Aplica,No Aplica,VIGENCIA ACTUAL,ENTIDADES TERRITORIALES - SECCION PRESUPUESTAL ADICIONAL 1,NO DEFINIDO,NO DEFINIDO,NO DEFINIDO,84468645.0,59087780.0,2021,Tercer Trimestre,pres_gasto,,,,,,,,,,,,,,,,,,,,,,
3766195,20230301,923273184,Consejo Profesional de Geología,2.1.2.02.01,MATERIALES Y SUMINISTROS,GASTOS,FUNCIONAMIENTO,ADQUISICION DE BIENES Y SERVICIOS,ADQUISICIONES DIFERENTES DE ACTIVOS,MATERIALES Y SUMINISTROS,No Aplica,No Aplica,No Aplica,No Aplica,No Aplica,VIGENCIA ACTUAL,ENTIDADES DIFERENTES A ENTIDADES TERRITORIALES - GESTION GENERAL,NO DEFINIDO,NO DEFINIDO,NO DEFINIDO,10000000.0,3500000.0,2023,Primer Trimestre,pres_gasto,,,,,,,,,,,,,,,,,,,,,,
3804869,20230301,923273184,Consejo Profesional de Geología,2.1.1.01.02.001,APORTES A LA SEGURIDAD SOCIAL EN PENSIONES,GASTOS,FUNCIONAMIENTO,GASTOS DE PERSONAL,PLANTA DE PERSONAL PERMANENTE,CONTRIBUCIONES INHERENTES A LA NOMINA,APORTES A LA SEGURIDAD SOCIAL EN PENSIONES,No Aplica,No Aplica,No Aplica,No Aplica,VIGENCIA ACTUAL,ENTIDADES DIFERENTES A ENTIDADES TERRITORIALES - GESTION GENERAL,NO DEFINIDO,NO DEFINIDO,NO APLICA,4808484.0,1244033.0,2023,Primer Trimestre,pres_gasto,,,,,,,,,,,,,,,,,,,,,,
3903208,20230301,923273184,Consejo Profesional de Geología,2.1.2.02,ADQUISICIONES DIFERENTES DE ACTIVOS,GASTOS,FUNCIONAMIENTO,ADQUISICION DE BIENES Y SERVICIOS,ADQUISICIONES DIFERENTES DE ACTIVOS,No Aplica,No Aplica,No Aplica,No Aplica,No Aplica,No Aplica,VIGENCIA ACTUAL,ENTIDADES DIFERENTES A ENTIDADES TERRITORIALES - GESTION GENERAL,NO DEFINIDO,NO DEFINIDO,NO DEFINIDO,268270987.0,53952921.0,2023,Primer Trimestre,pres_gasto,,,,,,,,,,,,,,,,,,,,,,
3930351,20230301,923273184,Consejo Profesional de Geología,2,GASTOS,GASTOS,No Aplica,No Aplica,No Aplica,No Aplica,No Aplica,No Aplica,No Aplica,No Aplica,No Aplica,VIGENCIA ACTUAL,ENTIDADES DIFERENTES A ENTIDADES TERRITORIALES - GESTION GENERAL,NO DEFINIDO,NO DEFINIDO,NO DEFINIDO,335789362.0,68127695.0,2023,Primer Trimestre,pres_gasto,,,,,,,,,,,,,,,,,,,,,,
3948138,20210901,923273184,Consejo Profesional de Geología,2,GASTOS,GASTOS,No Aplica,No Aplica,No Aplica,No Aplica,No Aplica,No Aplica,No Aplica,No Aplica,No Aplica,VIGENCIA ACTUAL,ENTIDADES DIFERENTES A ENTIDADES TERRITORIALES - GESTION GENERAL,NO DEFINIDO,NO DEFINIDO,NO DEFINIDO,85320278.0,59087781.0,2021,Tercer Trimestre,pres_gasto,,,,,,,,,,,,,,,,,,,,,,
3955915,20230301,923273184,Consejo Profesional de Geología,2.1.8.04,CONTRIBUCIONES,GASTOS,FUNCIONAMIENTO,"GASTOS POR TRIBUTOS, TASAS, CONTRIBUCIONES, MULTAS, SANCIONES E INTERESES DE MORA",CONTRIBUCIONES,No Aplica,No Aplica,No Aplica,No Aplica,No Aplica,No Aplica,VIGENCIA ACTUAL,ENTIDADES DIFERENTES A ENTIDADES TERRITORIALES - GESTION GENERAL,NO DEFINIDO,NO DEFINIDO,NO DEFINIDO,663936.0,0.0,2023,Primer Trimestre,pres_gasto,,,,,,,,,,,,,,,,,,,,,,
3980046,20211201,923273184,Consejo Profesional de Geología,2.1.1.01.01.001,FACTORES SALARIALES COMUNES,GASTOS,FUNCIONAMIENTO,GASTOS DE PERSONAL,PLANTA DE PERSONAL PERMANENTE,FACTORES CONSTITUTIVOS DE SALARIO,FACTORES SALARIALES COMUNES,No Aplica,No Aplica,No Aplica,No Aplica,VIGENCIA ACTUAL,ENTIDADES DIFERENTES A ENTIDADES TERRITORIALES - GESTION GENERAL,NO DEFINIDO,NO DEFINIDO,NO DEFINIDO,94211685.0,81387129.0,2021,Cuarto Trimestre,pres_gasto,,,,,,,,,,,,,,,,,,,,,,
4041681,20210901,923273184,Consejo Profesional de Geología,2,GASTOS,GASTOS,No Aplica,No Aplica,No Aplica,No Aplica,No Aplica,No Aplica,No Aplica,No Aplica,No Aplica,VIGENCIA ACTUAL,ENTIDADES TERRITORIALES - SECCION PRESUPUESTAL ADICIONAL 1,NO DEFINIDO,NO DEFINIDO,NO DEFINIDO,84468645.0,59087780.0,2021,Tercer Trimestre,pres_gasto,,,,,,,,,,,,,,,,,,,,,,
4053104,20211201,923273184,Consejo Profesional de Geología,2.1.1.01.01.001.08,PRESTACIONES SOCIALES,GASTOS,FUNCIONAMIENTO,GASTOS DE PERSONAL,PLANTA DE PERSONAL PERMANENTE,FACTORES CONSTITUTIVOS DE SALARIO,FACTORES SALARIALES COMUNES,PRESTACIONES SOCIALES,No Aplica,No Aplica,No Aplica,VIGENCIA ACTUAL,ENTIDADES DIFERENTES A ENTIDADES TERRITORIALES - GESTION GENERAL,NO DEFINIDO,NO DEFINIDO,NO DEFINIDO,29832507.0,25896100.0,2021,Cuarto Trimestre,pres_gasto,,,,,,,,,,,,,,,,,,,,,,
4067439,20230301,923273184,Consejo Profesional de Geología,2.1.1.01,PLANTA DE PERSONAL PERMANENTE,GASTOS,FUNCIONAMIENTO,GASTOS DE PERSONAL,PLANTA DE PERSONAL PERMANENTE,No Aplica,No Aplica,No Aplica,No Aplica,No Aplica,No Aplica,VIGENCIA ACTUAL,ENTIDADES DIFERENTES A ENTIDADES TERRITORIALES - GESTION GENERAL,NO DEFINIDO,NO DEFINIDO,NO DEFINIDO,64354439.0,14174774.0,2023,Primer Trimestre,pres_gasto,,,,,,,,,,,,,,,,,,,,,,
4068802,20210901,923273184,Consejo Profesional de Geología,2.1.1,GASTOS DE PERSONAL,GASTOS,FUNCIONAMIENTO,GASTOS DE PERSONAL,No Aplica,No Aplica,No Aplica,No Aplica,No Aplica,No Aplica,No Aplica,VIGENCIA ACTUAL,ENTIDADES DIFERENTES A ENTIDADES TERRITORIALES - GESTION GENERAL,NO DEFINIDO,NO DEFINIDO,NO DEFINIDO,85320277.0,59087780.0,2021,Tercer Trimestre,pres_gasto,,,,,,,,,,,,,,,,,,,,,,
4117669,20230301,923273184,Consejo Profesional de Geología,2.1.1.01.02.003,APORTES DE CESANTIAS,GASTOS,FUNCIONAMIENTO,GASTOS DE PERSONAL,PLANTA DE PERSONAL PERMANENTE,CONTRIBUCIONES INHERENTES A LA NOMINA,APORTES DE CESANTIAS,No Aplica,No Aplica,No Aplica,No Aplica,VIGENCIA ACTUAL,ENTIDADES DIFERENTES A ENTIDADES TERRITORIALES - GESTION GENERAL,NO DEFINIDO,NO DEFINIDO,NO APLICA,4030471.0,634799.0,2023,Primer Trimestre,pres_gasto,,,,,,,,,,,,,,,,,,,,,,
4203403,20230301,923273184,Consejo Profesional de Geología,2.1.1.01.02.004,APORTES A CAJAS DE COMPENSACION FAMILIAR,GASTOS,FUNCIONAMIENTO,GASTOS DE PERSONAL,PLANTA DE PERSONAL PERMANENTE,CONTRIBUCIONES INHERENTES A LA NOMINA,APORTES A CAJAS DE COMPENSACION FAMILIAR,No Aplica,No Aplica,No Aplica,No Aplica,VIGENCIA ACTUAL,ENTIDADES DIFERENTES A ENTIDADES TERRITORIALES - GESTION GENERAL,NO DEFINIDO,NO DEFINIDO,NO APLICA,1194272.0,398091.0,2023,Primer Trimestre,pres_gasto,,,,,,,,,,,,,,,,,,,,,,
4214908,20211201,923273184,Consejo Profesional de Geología,2.1.1.01,PLANTA DE PERSONAL PERMANENTE,GASTOS,FUNCIONAMIENTO,GASTOS DE PERSONAL,PLANTA DE PERSONAL PERMANENTE,No Aplica,No Aplica,No Aplica,No Aplica,No Aplica,No Aplica,VIGENCIA ACTUAL,ENTIDADES DIFERENTES A ENTIDADES TERRITORIALES - GESTION GENERAL,NO DEFINIDO,NO DEFINIDO,NO DEFINIDO,94211685.0,81387129.0,2021,Cuarto Trimestre,pres_gasto,,,,,,,,,,,,,,,,,,,,,,
4247259,20230301,923273184,Consejo Profesional de Geología,2.1.1.01.02.006,APORTES AL ICBF,GASTOS,FUNCIONAMIENTO,GASTOS DE PERSONAL,PLANTA DE PERSONAL PERMANENTE,CONTRIBUCIONES INHERENTES A LA NOMINA,APORTES AL ICBF,No Aplica,No Aplica,No Aplica,No Aplica,VIGENCIA ACTUAL,ENTIDADES DIFERENTES A ENTIDADES TERRITORIALES - GESTION GENERAL,NO DEFINIDO,NO DEFINIDO,NO APLICA,796181.0,199045.0,2023,Primer Trimestre,pres_gasto,,,,,,,,,,,,,,,,,,,,,,
4271183,20211201,923273184,Consejo Profesional de Geología,2.1.1.01.01.001.05,AUXILIO DE TRANSPORTE,GASTOS,FUNCIONAMIENTO,GASTOS DE PERSONAL,PLANTA DE PERSONAL PERMANENTE,FACTORES CONSTITUTIVOS DE SALARIO,FACTORES SALARIALES COMUNES,AUXILIO DE TRANSPORTE,No Aplica,No Aplica,No Aplica,VIGENCIA ACTUAL,ENTIDADES DIFERENTES A ENTIDADES TERRITORIALES - GESTION GENERAL,NO DEFINIDO,NO DEFINIDO,NO APLICA,3904232.0,3832344.0,2021,Cuarto Trimestre,pres_gasto,,,,,,,,,,,,,,,,,,,,,,
4285532,20230301,923273184,Consejo Profesional de Geología,2.1.1.01.01.001.06,PRIMA DE SERVICIO,GASTOS,FUNCIONAMIENTO,GASTOS DE PERSONAL,PLANTA DE PERSONAL PERMANENTE,FACTORES CONSTITUTIVOS DE SALARIO,FACTORES SALARIALES COMUNES,PRIMA DE SERVICIO,No Aplica,No Aplica,No Aplica,VIGENCIA ACTUAL,ENTIDADES DIFERENTES A ENTIDADES TERRITORIALES - GESTION GENERAL,NO DEFINIDO,NO DEFINIDO,NO APLICA,3598635.0,566785.0,2023,Primer Trimestre,pres_gasto,,,,,,,,,,,,,,,,,,,,,,
4299234,20230301,923273184,Consejo Profesional de Geología,2.1.1,GASTOS DE PERSONAL,GASTOS,FUNCIONAMIENTO,GASTOS DE PERSONAL,No Aplica,No Aplica,No Aplica,No Aplica,No Aplica,No Aplica,No Aplica,VIGENCIA ACTUAL,ENTIDADES DIFERENTES A ENTIDADES TERRITORIALES - GESTION GENERAL,NO DEFINIDO,NO DEFINIDO,NO DEFINIDO,64354439.0,14174774.0,2023,Primer Trimestre,pres_gasto,,,,,,,,,,,,,,,,,,,,,,
4359646,20210901,923273184,Consejo Profesional de Geología,2.1.1.01.01.001,FACTORES SALARIALES COMUNES,GASTOS,FUNCIONAMIENTO,GASTOS DE PERSONAL,PLANTA DE PERSONAL PERMANENTE,FACTORES CONSTITUTIVOS DE SALARIO,FACTORES SALARIALES COMUNES,No Aplica,No Aplica,No Aplica,No Aplica,VIGENCIA ACTUAL,ENTIDADES TERRITORIALES - SECCION PRESUPUESTAL ADICIONAL 1,NO DEFINIDO,NO DEFINIDO,NO DEFINIDO,84468645.0,59087780.0,2021,Tercer Trimestre,pres_gasto,,,,,,,,,,,,,,,,,,,,,,
5555146,20210901,923273184,Consejo Profesional de Geología,1.1,INGRESOS CORRIENTES,INGRESOS,INGRESOS CORRIENTES,No Aplica,No Aplica,No Aplica,No Aplica,No Aplica,No Aplica,No Aplica,No Aplica,,,,,,,,2021,Tercer Trimestre,pres_ingreso,311102610.0,357578860.0,,,,,,,,,,,,,,,,,,,,
5569389,20230301,923273184,Consejo Profesional de Geología,1,INGRESOS,INGRESOS,No Aplica,No Aplica,No Aplica,No Aplica,No Aplica,No Aplica,No Aplica,No Aplica,No Aplica,,,,,,,,2023,Primer Trimestre,pres_ingreso,290979360.0,290979360.0,,,,,,,,,,,,,,,,,,,,
5596086,20211201,923273184,Consejo Profesional de Geología,1.1,INGRESOS CORRIENTES,INGRESOS,INGRESOS CORRIENTES,No Aplica,No Aplica,No Aplica,No Aplica,No Aplica,No Aplica,No Aplica,No Aplica,,,,,,,,2021,Cuarto Trimestre,pres_ingreso,396187834.0,357578860.0,,,,,,,,,,,,,,,,,,,,
5684651,20211201,923273184,Consejo Profesional de Geología,1,INGRESOS,INGRESOS,No Aplica,No Aplica,No Aplica,No Aplica,No Aplica,No Aplica,No Aplica,No Aplica,No Aplica,,,,,,,,2021,Cuarto Trimestre,pres_ingreso,396187834.0,357578860.0,,,,,,,,,,,,,,,,,,,,
5789592,20210901,923273184,Consejo Profesional de Geología,1.1.02,INGRESOS NO TRIBUTARIOS,INGRESOS,INGRESOS CORRIENTES,INGRESOS NO TRIBUTARIOS,No Aplica,No Aplica,No Aplica,No Aplica,No Aplica,No Aplica,No Aplica,,,,,,,,2021,Tercer Trimestre,pres_ingreso,311102610.0,357578860.0,,,,,,,,,,,,,,,,,,,,
5816930,20210901,923273184,Consejo Profesional de Geología,1,INGRESOS,INGRESOS,No Aplica,No Aplica,No Aplica,No Aplica,No Aplica,No Aplica,No Aplica,No Aplica,No Aplica,,,,,,,,2021,Tercer Trimestre,pres_ingreso,311102610.0,357578860.0,,,,,,,,,,,,,,,,,,,,
5838157,20211201,923273184,Consejo Profesional de Geología,1.1.02,INGRESOS NO TRIBUTARIOS,INGRESOS,INGRESOS CORRIENTES,INGRESOS NO TRIBUTARIOS,No Aplica,No Aplica,No Aplica,No Aplica,No Aplica,No Aplica,No Aplica,,,,,,,,2021,Cuarto Trimestre,pres_ingreso,396187834.0,357578860.0,,,,,,,,,,,,,,,,,,,,
5849760,20210901,923273184,Consejo Profesional de Geología,1.1.02.02,TASAS Y DERECHOS ADMINISTRATIVOS,INGRESOS,INGRESOS CORRIENTES,INGRESOS NO TRIBUTARIOS,TASAS Y DERECHOS ADMINISTRATIVOS,No Aplica,No Aplica,No Aplica,No Aplica,No Aplica,No Aplica,,,,,,,,2021,Tercer Trimestre,pres_ingreso,311102610.0,357578860.0,,,,,,,,,,,,,,,,,,,,
5863724,20211201,923273184,Consejo Profesional de Geología,1.1.02.02,TASAS Y DERECHOS ADMINISTRATIVOS,INGRESOS,INGRESOS CORRIENTES,INGRESOS NO TRIBUTARIOS,TASAS Y DERECHOS ADMINISTRATIVOS,No Aplica,No Aplica,No Aplica,No Aplica,No Aplica,No Aplica,,,,,,,,2021,Cuarto Trimestre,pres_ingreso,396187834.0,357578860.0,,,,,,,,,,,,,,,,,,,,
5897627,20211201,923273184,Consejo Profesional de Geología,1.1.02.02.062,EXPEDICION DE ANTECEDENTES DISCIPLINARIOS PROFESIONALES,INGRESOS,INGRESOS CORRIENTES,INGRESOS NO TRIBUTARIOS,TASAS Y DERECHOS ADMINISTRATIVOS,EXPEDICION DE ANTECEDENTES DISCIPLINARIOS PROFESIONALES,No Aplica,No Aplica,No Aplica,No Aplica,No Aplica,,,,,,,,2021,Cuarto Trimestre,pres_ingreso,396187834.0,357578860.0,,,,,,,,,,,,,,,,,,,,
5909271,20210901,923273184,Consejo Profesional de Geología,1.1.02.02.038,EXPEDICION DE TARJETAS PROFESIONALES,INGRESOS,INGRESOS CORRIENTES,INGRESOS NO TRIBUTARIOS,TASAS Y DERECHOS ADMINISTRATIVOS,EXPEDICION DE TARJETAS PROFESIONALES,No Aplica,No Aplica,No Aplica,No Aplica,No Aplica,,,,,,,,2021,Tercer Trimestre,pres_ingreso,311102610.0,357578860.0,,,,,,,,,,,,,,,,,,,,
5987236,20230301,923273184,Consejo Profesional de Geología,1.1.02.02.038,EXPEDICION DE TARJETAS PROFESIONALES,INGRESOS,INGRESOS CORRIENTES,INGRESOS NO TRIBUTARIOS,TASAS Y DERECHOS ADMINISTRATIVOS,EXPEDICION DE TARJETAS PROFESIONALES,No Aplica,No Aplica,No Aplica,No Aplica,No Aplica,,,,,,,,2023,Primer Trimestre,pres_ingreso,290979360.0,290979360.0,,,,,,,,,,,,,,,,,,,,
6059465,20230301,923273184,Consejo Profesional de Geología,1.1.02.02,TASAS Y DERECHOS ADMINISTRATIVOS,INGRESOS,INGRESOS CORRIENTES,INGRESOS NO TRIBUTARIOS,TASAS Y DERECHOS ADMINISTRATIVOS,No Aplica,No Aplica,No Aplica,No Aplica,No Aplica,No Aplica,,,,,,,,2023,Primer Trimestre,pres_ingreso,290979360.0,290979360.0,,,,,,,,,,,,,,,,,,,,
6061030,20230301,923273184,Consejo Profesional de Geología,1.1,INGRESOS CORRIENTES,INGRESOS,INGRESOS CORRIENTES,No Aplica,No Aplica,No Aplica,No Aplica,No Aplica,No Aplica,No Aplica,No Aplica,,,,,,,,2023,Primer Trimestre,pres_ingreso,290979360.0,290979360.0,,,,,,,,,,,,,,,,,,,,
6063843,20230301,923273184,Consejo Profesional de Geología,1.1.02,INGRESOS NO TRIBUTARIOS,INGRESOS,INGRESOS CORRIENTES,INGRESOS NO TRIBUTARIOS,No Aplica,No Aplica,No Aplica,No Aplica,No Aplica,No Aplica,No Aplica,,,,,,,,2023,Primer Trimestre,pres_ingreso,290979360.0,290979360.0,,,,,,,,,,,,,,,,,,,,
6240003,20230901,923273184,Consejo Profesional de Geología,1,INGRESOS,INGRESOS,No Aplica,No Aplica,No Aplica,No Aplica,No Aplica,No Aplica,No Aplica,No Aplica,No Aplica,,,,,,,,2023,Tercer Trimestre,pres_ingreso,328060346.0,290979360.0,,,,,,,,,,,,,,,,,,,,
6240191,20230901,923273184,Consejo Profesional de Geología,1.1,INGRESOS CORRIENTES,INGRESOS,INGRESOS CORRIENTES,No Aplica,No Aplica,No Aplica,No Aplica,No Aplica,No Aplica,No Aplica,No Aplica,,,,,,,,2023,Tercer Trimestre,pres_ingreso,328060346.0,290979360.0,,,,,,,,,,,,,,,,,,,,
6240838,20230901,923273184,Consejo Profesional de Geología,1.1.02.02.038,EXPEDICION DE TARJETAS PROFESIONALES,INGRESOS,INGRESOS CORRIENTES,INGRESOS NO TRIBUTARIOS,TASAS Y DERECHOS ADMINISTRATIVOS,EXPEDICION DE TARJETAS PROFESIONALES,No Aplica,No Aplica,No Aplica,No Aplica,No Aplica,,,,,,,,2023,Tercer Trimestre,pres_ingreso,328060346.0,290979360.0,,,,,,,,,,,,,,,,,,,,
6242028,20230901,923273184,Consejo Profesional de Geología,1.1.02.02,TASAS Y DERECHOS ADMINISTRATIVOS,INGRESOS,INGRESOS CORRIENTES,INGRESOS NO TRIBUTARIOS,TASAS Y DERECHOS ADMINISTRATIVOS,No Aplica,No Aplica,No Aplica,No Aplica,No Aplica,No Aplica,,,,,,,,2023,Tercer Trimestre,pres_ingreso,328060346.0,290979360.0,,,,,,,,,,,,,,,,,,,,
6242153,20230901,923273184,Consejo Profesional de Geología,1.1.02,INGRESOS NO TRIBUTARIOS,INGRESOS,INGRESOS CORRIENTES,INGRESOS NO TRIBUTARIOS,No Aplica,No Aplica,No Aplica,No Aplica,No Aplica,No Aplica,No Aplica,,,,,,,,2023,Tercer Trimestre,pres_ingreso,328060346.0,290979360.0,,,,,,,,,,,,,,,,,,,,
6245017,20230301,923273184,Consejo Profesional de Geología,1,INGRESOS,INGRESOS,No Aplica,No Aplica,No Aplica,No Aplica,No Aplica,No Aplica,No Aplica,No Aplica,No Aplica,,,,,,,,2023,Primer Trimestre,eje_ingreso,,,79012574.0,NO APLICA,NO APLICA,NO APLICA,NO APLICA,NO APLICA,NO APLICA,NO APLICA,NO APLICA,NO APLICA,0.0,79012574.0,0.0,0.0,,,,,,
6264721,20230901,923273184,Consejo Profesional de Geología,1.1.02.02,TASAS Y DERECHOS ADMINISTRATIVOS,INGRESOS,INGRESOS CORRIENTES,INGRESOS NO TRIBUTARIOS,TASAS Y DERECHOS ADMINISTRATIVOS,No Aplica,No Aplica,No Aplica,No Aplica,No Aplica,No Aplica,,,,,,,,2023,Tercer Trimestre,eje_ingreso,,,328060346.0,NO APLICA,NO APLICA,NO APLICA,NO APLICA,NO APLICA,NO APLICA,NO APLICA,NO APLICA,NO APLICA,328060346.0,0.0,0.0,0.0,,,,,,
6372535,20211201,923273184,Consejo Profesional de Geología,1.1.02.02.062,EXPEDICION DE ANTECEDENTES DISCIPLINARIOS PROFESIONALES,INGRESOS,INGRESOS CORRIENTES,INGRESOS NO TRIBUTARIOS,TASAS Y DERECHOS ADMINISTRATIVOS,EXPEDICION DE ANTECEDENTES DISCIPLINARIOS PROFESIONALES,No Aplica,No Aplica,No Aplica,No Aplica,No Aplica,,,,,,,,2021,Cuarto Trimestre,eje_ingreso,,,396187834.0,NO APLICA,DISPONIBILIDAD INICIAL,NO APLICA,NO APLICA,NO APLICA,NO APLICA,NO APLICA,NO APLICA,NO APLICA,0.0,396187834.0,0.0,0.0,,,,,,
6417744,20230901,923273184,Consejo Profesional de Geología,1.1,INGRESOS CORRIENTES,INGRESOS,INGRESOS CORRIENTES,No Aplica,No Aplica,No Aplica,No Aplica,No Aplica,No Aplica,No Aplica,No Aplica,,,,,,,,2023,Tercer Trimestre,eje_ingreso,,,328060346.0,NO APLICA,NO APLICA,NO APLICA,NO APLICA,NO APLICA,NO APLICA,NO APLICA,NO APLICA,NO APLICA,328060346.0,0.0,0.0,0.0,,,,,,
6420735,20210901,923273184,Consejo Profesional de Geología,1.1.02.02,TASAS Y DERECHOS ADMINISTRATIVOS,INGRESOS,INGRESOS CORRIENTES,INGRESOS NO TRIBUTARIOS,TASAS Y DERECHOS ADMINISTRATIVOS,No Aplica,No Aplica,No Aplica,No Aplica,No Aplica,No Aplica,,,,,,,,2021,Tercer Trimestre,eje_ingreso,,,311102610.0,NO APLICA,NO APLICA,NO APLICA,NO APLICA,NO APLICA,NO APLICA,NO APLICA,NO APLICA,NO APLICA,95036839.0,0.0,216065771.0,0.0,,,,,,
6511962,20211201,923273184,Consejo Profesional de Geología,1.1.02,INGRESOS NO TRIBUTARIOS,INGRESOS,INGRESOS CORRIENTES,INGRESOS NO TRIBUTARIOS,No Aplica,No Aplica,No Aplica,No Aplica,No Aplica,No Aplica,No Aplica,,,,,,,,2021,Cuarto Trimestre,eje_ingreso,,,396187834.0,NO APLICA,NO APLICA,NO APLICA,NO APLICA,NO APLICA,NO APLICA,NO APLICA,NO APLICA,NO APLICA,0.0,396187834.0,0.0,0.0,,,,,,
6553520,20230301,923273184,Consejo Profesional de Geología,1.1.02.02,TASAS Y DERECHOS ADMINISTRATIVOS,INGRESOS,INGRESOS CORRIENTES,INGRESOS NO TRIBUTARIOS,TASAS Y DERECHOS ADMINISTRATIVOS,No Aplica,No Aplica,No Aplica,No Aplica,No Aplica,No Aplica,,,,,,,,2023,Primer Trimestre,eje_ingreso,,,79012574.0,NO APLICA,NO APLICA,NO APLICA,NO APLICA,NO APLICA,NO APLICA,NO APLICA,NO APLICA,NO APLICA,0.0,79012574.0,0.0,0.0,,,,,,
6706278,20211201,923273184,Consejo Profesional de Geología,1.1,INGRESOS CORRIENTES,INGRESOS,INGRESOS CORRIENTES,No Aplica,No Aplica,No Aplica,No Aplica,No Aplica,No Aplica,No Aplica,No Aplica,,,,,,,,2021,Cuarto Trimestre,eje_ingreso,,,396187834.0,NO APLICA,NO APLICA,NO APLICA,NO APLICA,NO APLICA,NO APLICA,NO APLICA,NO APLICA,NO APLICA,0.0,396187834.0,0.0,0.0,,,,,,
6850767,20230301,923273184,Consejo Profesional de Geología,1.1.02.02.038,EXPEDICION DE TARJETAS PROFESIONALES,INGRESOS,INGRESOS CORRIENTES,INGRESOS NO TRIBUTARIOS,TASAS Y DERECHOS ADMINISTRATIVOS,EXPEDICION DE TARJETAS PROFESIONALES,No Aplica,No Aplica,No Aplica,No Aplica,No Aplica,,,,,,,,2023,Primer Trimestre,eje_ingreso,,,79012574.0,NO APLICA,INGRESOS CORRIENTES DE LIBRE DESTINACION,NO APLICA,NO APLICA,NO APLICA,NO APLICA,NO APLICA,NO APLICA,NO APLICA,0.0,79012574.0,0.0,0.0,,,,,,
7023782,20230301,923273184,Consejo Profesional de Geología,1.1.02,INGRESOS NO TRIBUTARIOS,INGRESOS,INGRESOS CORRIENTES,INGRESOS NO TRIBUTARIOS,No Aplica,No Aplica,No Aplica,No Aplica,No Aplica,No Aplica,No Aplica,,,,,,,,2023,Primer Trimestre,eje_ingreso,,,79012574.0,NO APLICA,NO APLICA,NO APLICA,NO APLICA,NO APLICA,NO APLICA,NO APLICA,NO APLICA,NO APLICA,0.0,79012574.0,0.0,0.0,,,,,,
7027120,20210901,923273184,Consejo Profesional de Geología,1.1,INGRESOS CORRIENTES,INGRESOS,INGRESOS CORRIENTES,No Aplica,No Aplica,No Aplica,No Aplica,No Aplica,No Aplica,No Aplica,No Aplica,,,,,,,,2021,Tercer Trimestre,eje_ingreso,,,311102610.0,NO APLICA,NO APLICA,NO APLICA,NO APLICA,NO APLICA,NO APLICA,NO APLICA,NO APLICA,NO APLICA,95036839.0,0.0,216065771.0,0.0,,,,,,
7085160,20210901,923273184,Consejo Profesional de Geología,1.1.02.02.038,EXPEDICION DE TARJETAS PROFESIONALES,INGRESOS,INGRESOS CORRIENTES,INGRESOS NO TRIBUTARIOS,TASAS Y DERECHOS ADMINISTRATIVOS,EXPEDICION DE TARJETAS PROFESIONALES,No Aplica,No Aplica,No Aplica,No Aplica,No Aplica,,,,,,,,2021,Tercer Trimestre,eje_ingreso,,,311102610.0,NO APLICA,NO APLICA,NO APLICA,NO APLICA,NO APLICA,NO APLICA,NO APLICA,NO APLICA,NO APLICA,95036839.0,0.0,216065771.0,0.0,,,,,,
7099465,20230301,923273184,Consejo Profesional de Geología,1.1,INGRESOS CORRIENTES,INGRESOS,INGRESOS CORRIENTES,No Aplica,No Aplica,No Aplica,No Aplica,No Aplica,No Aplica,No Aplica,No Aplica,,,,,,,,2023,Primer Trimestre,eje_ingreso,,,79012574.0,NO APLICA,NO APLICA,NO APLICA,NO APLICA,NO APLICA,NO APLICA,NO APLICA,NO APLICA,NO APLICA,0.0,79012574.0,0.0,0.0,,,,,,
7149310,20211201,923273184,Consejo Profesional de Geología,1.1.02.02,TASAS Y DERECHOS ADMINISTRATIVOS,INGRESOS,INGRESOS CORRIENTES,INGRESOS NO TRIBUTARIOS,TASAS Y DERECHOS ADMINISTRATIVOS,No Aplica,No Aplica,No Aplica,No Aplica,No Aplica,No Aplica,,,,,,,,2021,Cuarto Trimestre,eje_ingreso,,,396187834.0,NO APLICA,NO APLICA,NO APLICA,NO APLICA,NO APLICA,NO APLICA,NO APLICA,NO APLICA,NO APLICA,0.0,396187834.0,0.0,0.0,,,,,,
7153227,20230901,923273184,Consejo Profesional de Geología,1.1.02,INGRESOS NO TRIBUTARIOS,INGRESOS,INGRESOS CORRIENTES,INGRESOS NO TRIBUTARIOS,No Aplica,No Aplica,No Aplica,No Aplica,No Aplica,No Aplica,No Aplica,,,,,,,,2023,Tercer Trimestre,eje_ingreso,,,328060346.0,NO APLICA,NO APLICA,NO APLICA,NO APLICA,NO APLICA,NO APLICA,NO APLICA,NO APLICA,NO APLICA,328060346.0,0.0,0.0,0.0,,,,,,
7229212,20230901,923273184,Consejo Profesional de Geología,1,INGRESOS,INGRESOS,No Aplica,No Aplica,No Aplica,No Aplica,No Aplica,No Aplica,No Aplica,No Aplica,No Aplica,,,,,,,,2023,Tercer Trimestre,eje_ingreso,,,328060346.0,NO APLICA,NO APLICA,NO APLICA,NO APLICA,NO APLICA,NO APLICA,NO APLICA,NO APLICA,NO APLICA,328060346.0,0.0,0.0,0.0,,,,,,
7346103,20211201,923273184,Consejo Profesional de Geología,1,INGRESOS,INGRESOS,No Aplica,No Aplica,No Aplica,No Aplica,No Aplica,No Aplica,No Aplica,No Aplica,No Aplica,,,,,,,,2021,Cuarto Trimestre,eje_ingreso,,,396187834.0,NO APLICA,NO APLICA,NO APLICA,NO APLICA,NO APLICA,NO APLICA,NO APLICA,NO APLICA,NO APLICA,0.0,396187834.0,0.0,0.0,,,,,,
7411955,20210901,923273184,Consejo Profesional de Geología,1.1.02,INGRESOS NO TRIBUTARIOS,INGRESOS,INGRESOS CORRIENTES,INGRESOS NO TRIBUTARIOS,No Aplica,No Aplica,No Aplica,No Aplica,No Aplica,No Aplica,No Aplica,,,,,,,,2021,Tercer Trimestre,eje_ingreso,,,311102610.0,NO APLICA,NO APLICA,NO APLICA,NO APLICA,NO APLICA,NO APLICA,NO APLICA,NO APLICA,NO APLICA,95036839.0,0.0,216065771.0,0.0,,,,,,
7704199,20230901,923273184,Consejo Profesional de Geología,1.1.02.02.038,EXPEDICION DE TARJETAS PROFESIONALES,INGRESOS,INGRESOS CORRIENTES,INGRESOS NO TRIBUTARIOS,TASAS Y DERECHOS ADMINISTRATIVOS,EXPEDICION DE TARJETAS PROFESIONALES,No Aplica,No Aplica,No Aplica,No Aplica,No Aplica,,,,,,,,2023,Tercer Trimestre,eje_ingreso,,,328060346.0,NO APLICA,DISPONIBILIDAD INICIAL,NO APLICA,NO APLICA,NO APLICA,NO APLICA,NO APLICA,NO APLICA,NO APLICA,328060346.0,0.0,0.0,0.0,,,,,,
7844049,20210901,923273184,Consejo Profesional de Geología,1,INGRESOS,INGRESOS,No Aplica,No Aplica,No Aplica,No Aplica,No Aplica,No Aplica,No Aplica,No Aplica,No Aplica,,,,,,,,2021,Tercer Trimestre,eje_ingreso,,,311102610.0,NO APLICA,NO APLICA,NO APLICA,NO APLICA,NO APLICA,NO APLICA,NO APLICA,NO APLICA,NO APLICA,95036839.0,0.0,216065771.0,0.0,,,,,,
7918782,20230901,923273184,Consejo Profesional de Geología,2.1.1.01.02.007,APORTES AL SENA,GASTOS,FUNCIONAMIENTO,GASTOS DE PERSONAL,PLANTA DE PERSONAL PERMANENTE,CONTRIBUCIONES INHERENTES A LA NOMINA,APORTES AL SENA,No Aplica,No Aplica,No Aplica,No Aplica,VIGENCIA ACTUAL,ENTIDADES DIFERENTES A ENTIDADES TERRITORIALES - GESTION GENERAL,NO DEFINIDO,NO DEFINIDO,NO APLICA,,,2023,Tercer Trimestre,eje_gasto,,,,NO APLICA,DISPONIBILIDAD INICIAL,,,,,,NO APLICA,,,,,,SIN SITUACION DE FONDOS,NO APLICA,NO DEFINIDO,0.0,895704.0,895704.0
7930164,20230901,923273184,Consejo Profesional de Geología,2.1.1.01.01.001.05,AUXILIO DE TRANSPORTE,GASTOS,FUNCIONAMIENTO,GASTOS DE PERSONAL,PLANTA DE PERSONAL PERMANENTE,FACTORES CONSTITUTIVOS DE SALARIO,FACTORES SALARIALES COMUNES,AUXILIO DE TRANSPORTE,No Aplica,No Aplica,No Aplica,VIGENCIA ACTUAL,ENTIDADES DIFERENTES A ENTIDADES TERRITORIALES - GESTION GENERAL,NO DEFINIDO,NO DEFINIDO,NO APLICA,,,2023,Tercer Trimestre,eje_gasto,,,,NO APLICA,DISPONIBILIDAD INICIAL,,,,,,NO APLICA,,,,,,SIN SITUACION DE FONDOS,NO APLICA,NO DEFINIDO,0.0,2446544.0,2446544.0
7932018,20230901,923273184,Consejo Profesional de Geología,2.1.1.01,PLANTA DE PERSONAL PERMANENTE,GASTOS,FUNCIONAMIENTO,GASTOS DE PERSONAL,PLANTA DE PERSONAL PERMANENTE,No Aplica,No Aplica,No Aplica,No Aplica,No Aplica,No Aplica,VIGENCIA ACTUAL,ENTIDADES DIFERENTES A ENTIDADES TERRITORIALES - GESTION GENERAL,NO DEFINIDO,NO DEFINIDO,NO DEFINIDO,,,2023,Tercer Trimestre,eje_gasto,,,,NO DEFINIDO,NO DEFINIDO,,,,,,NO DEFINIDO,,,,,,NO DEFINIDO,NO DEFINIDO,NO DEFINIDO,0.0,47697622.0,41591557.0
7934292,20230901,923273184,Consejo Profesional de Geología,2.1.1.01.01.001.08.02,PRIMA DE VACACIONES,GASTOS,FUNCIONAMIENTO,GASTOS DE PERSONAL,PLANTA DE PERSONAL PERMANENTE,FACTORES CONSTITUTIVOS DE SALARIO,FACTORES SALARIALES COMUNES,PRESTACIONES SOCIALES,PRIMA DE VACACIONES,No Aplica,No Aplica,VIGENCIA ACTUAL,ENTIDADES DIFERENTES A ENTIDADES TERRITORIALES - GESTION GENERAL,NO DEFINIDO,NO DEFINIDO,NO APLICA,,,2023,Tercer Trimestre,eje_gasto,,,,NO APLICA,DISPONIBILIDAD INICIAL,,,,,,NO APLICA,,,,,,SIN SITUACION DE FONDOS,NO APLICA,NO DEFINIDO,0.0,1658511.0,0.0
7942070,20230901,923273184,Consejo Profesional de Geología,2.1.1,GASTOS DE PERSONAL,GASTOS,FUNCIONAMIENTO,GASTOS DE PERSONAL,No Aplica,No Aplica,No Aplica,No Aplica,No Aplica,No Aplica,No Aplica,VIGENCIA ACTUAL,ENTIDADES DIFERENTES A ENTIDADES TERRITORIALES - GESTION GENERAL,NO DEFINIDO,NO DEFINIDO,NO DEFINIDO,,,2023,Tercer Trimestre,eje_gasto,,,,NO DEFINIDO,NO DEFINIDO,,,,,,NO DEFINIDO,,,,,,NO DEFINIDO,NO DEFINIDO,NO DEFINIDO,0.0,47697622.0,41591557.0
7943426,20230901,923273184,Consejo Profesional de Geología,2.1.1.01.01.001,FACTORES SALARIALES COMUNES,GASTOS,FUNCIONAMIENTO,GASTOS DE PERSONAL,PLANTA DE PERSONAL PERMANENTE,FACTORES CONSTITUTIVOS DE SALARIO,FACTORES SALARIALES COMUNES,No Aplica,No Aplica,No Aplica,No Aplica,VIGENCIA ACTUAL,ENTIDADES DIFERENTES A ENTIDADES TERRITORIALES - GESTION GENERAL,NO DEFINIDO,NO DEFINIDO,NO DEFINIDO,,,2023,Tercer Trimestre,eje_gasto,,,,NO DEFINIDO,NO DEFINIDO,,,,,,NO DEFINIDO,,,,,,NO DEFINIDO,NO DEFINIDO,NO DEFINIDO,0.0,36665261.0,32604660.0
7945656,20230901,923273184,Consejo Profesional de Geología,2.1.1.01.02.002,APORTES A LA SEGURIDAD SOCIAL EN SALUD,GASTOS,FUNCIONAMIENTO,GASTOS DE PERSONAL,PLANTA DE PERSONAL PERMANENTE,CONTRIBUCIONES INHERENTES A LA NOMINA,APORTES A LA SEGURIDAD SOCIAL EN SALUD,No Aplica,No Aplica,No Aplica,No Aplica,VIGENCIA ACTUAL,ENTIDADES DIFERENTES A ENTIDADES TERRITORIALES - GESTION GENERAL,NO DEFINIDO,NO DEFINIDO,NO APLICA,,,2023,Tercer Trimestre,eje_gasto,,,,NO APLICA,DISPONIBILIDAD INICIAL,,,,,,NO APLICA,,,,,,SIN SITUACION DE FONDOS,NO APLICA,NO DEFINIDO,0.0,2388544.0,2388544.0
7953697,20230901,923273184,Consejo Profesional de Geología,2.1.1.01.02.005,APORTES GENERALES AL SISTEMA DE RIESGOS LABORALES,GASTOS,FUNCIONAMIENTO,GASTOS DE PERSONAL,PLANTA DE PERSONAL PERMANENTE,CONTRIBUCIONES INHERENTES A LA NOMINA,APORTES GENERALES AL SISTEMA DE RIESGOS LABORALES,No Aplica,No Aplica,No Aplica,No Aplica,VIGENCIA ACTUAL,ENTIDADES DIFERENTES A ENTIDADES TERRITORIALES - GESTION GENERAL,NO DEFINIDO,NO DEFINIDO,NO APLICA,,,2023,Tercer Trimestre,eje_gasto,,,,NO APLICA,DISPONIBILIDAD INICIAL,,,,,,NO APLICA,,,,,,SIN SITUACION DE FONDOS,NO APLICA,NO DEFINIDO,0.0,179141.0,179141.0
7960031,20230901,923273184,Consejo Profesional de Geología,2.1.1.01.02.003,APORTES DE CESANTIAS,GASTOS,FUNCIONAMIENTO,GASTOS DE PERSONAL,PLANTA DE PERSONAL PERMANENTE,CONTRIBUCIONES INHERENTES A LA NOMINA,APORTES DE CESANTIAS,No Aplica,No Aplica,No Aplica,No Aplica,VIGENCIA ACTUAL,ENTIDADES DIFERENTES A ENTIDADES TERRITORIALES - GESTION GENERAL,NO DEFINIDO,NO DEFINIDO,NO APLICA,,,2023,Tercer Trimestre,eje_gasto,,,,NO APLICA,DISPONIBILIDAD INICIAL,,,,,,NO APLICA,,,,,,SIN SITUACION DE FONDOS,NO APLICA,NO DEFINIDO,0.0,2045464.0,0.0
7961403,20230901,923273184,Consejo Profesional de Geología,2.1.1.01.01.001.06,PRIMA DE SERVICIO,GASTOS,FUNCIONAMIENTO,GASTOS DE PERSONAL,PLANTA DE PERSONAL PERMANENTE,FACTORES CONSTITUTIVOS DE SALARIO,FACTORES SALARIALES COMUNES,PRIMA DE SERVICIO,No Aplica,No Aplica,No Aplica,VIGENCIA ACTUAL,ENTIDADES DIFERENTES A ENTIDADES TERRITORIALES - GESTION GENERAL,NO DEFINIDO,NO DEFINIDO,NO APLICA,,,2023,Tercer Trimestre,eje_gasto,,,,NO APLICA,DISPONIBILIDAD INICIAL,,,,,,NO APLICA,,,,,,SIN SITUACION DE FONDOS,NO APLICA,NO DEFINIDO,0.0,3598635.0,1196546.0
7962931,20230901,923273184,Consejo Profesional de Geología,2.1.1.01.02,CONTRIBUCIONES INHERENTES A LA NOMINA,GASTOS,FUNCIONAMIENTO,GASTOS DE PERSONAL,PLANTA DE PERSONAL PERMANENTE,CONTRIBUCIONES INHERENTES A LA NOMINA,No Aplica,No Aplica,No Aplica,No Aplica,No Aplica,VIGENCIA ACTUAL,ENTIDADES DIFERENTES A ENTIDADES TERRITORIALES - GESTION GENERAL,NO DEFINIDO,NO DEFINIDO,NO DEFINIDO,,,2023,Tercer Trimestre,eje_gasto,,,,NO DEFINIDO,NO DEFINIDO,,,,,,NO DEFINIDO,,,,,,NO DEFINIDO,NO DEFINIDO,NO DEFINIDO,0.0,11032361.0,8986897.0
7966188,20230901,923273184,Consejo Profesional de Geología,2.1.1.01.02.001,APORTES A LA SEGURIDAD SOCIAL EN PENSIONES,GASTOS,FUNCIONAMIENTO,GASTOS DE PERSONAL,PLANTA DE PERSONAL PERMANENTE,CONTRIBUCIONES INHERENTES A LA NOMINA,APORTES A LA SEGURIDAD SOCIAL EN PENSIONES,No Aplica,No Aplica,No Aplica,No Aplica,VIGENCIA ACTUAL,ENTIDADES DIFERENTES A ENTIDADES TERRITORIALES - GESTION GENERAL,NO DEFINIDO,NO DEFINIDO,NO APLICA,,,2023,Tercer Trimestre,eje_gasto,,,,NO APLICA,DISPONIBILIDAD INICIAL,,,,,,NO APLICA,,,,,,SIN SITUACION DE FONDOS,NO APLICA,NO DEFINIDO,0.0,3732100.0,3732100.0
7966936,20230901,923273184,Consejo Profesional de Geología,2,GASTOS,GASTOS,No Aplica,No Aplica,No Aplica,No Aplica,No Aplica,No Aplica,No Aplica,No Aplica,No Aplica,VIGENCIA ACTUAL,ENTIDADES DIFERENTES A ENTIDADES TERRITORIALES - GESTION GENERAL,NO DEFINIDO,NO DEFINIDO,NO DEFINIDO,,,2023,Tercer Trimestre,eje_gasto,,,,NO DEFINIDO,NO DEFINIDO,,,,,,NO DEFINIDO,,,,,,NO DEFINIDO,NO DEFINIDO,NO DEFINIDO,0.0,47697622.0,41591557.0
7969355,20230901,923273184,Consejo Profesional de Geología,2.1.1.01.01.001.01,SUELDO BASICO,GASTOS,FUNCIONAMIENTO,GASTOS DE PERSONAL,PLANTA DE PERSONAL PERMANENTE,FACTORES CONSTITUTIVOS DE SALARIO,FACTORES SALARIALES COMUNES,SUELDO BASICO,No Aplica,No Aplica,No Aplica,VIGENCIA ACTUAL,ENTIDADES DIFERENTES A ENTIDADES TERRITORIALES - GESTION GENERAL,NO DEFINIDO,NO DEFINIDO,NO APLICA,,,2023,Tercer Trimestre,eje_gasto,,,,NO APLICA,DISPONIBILIDAD INICIAL,,,,,,NO APLICA,,,,,,SIN SITUACION DE FONDOS,NO APLICA,NO DEFINIDO,0.0,28961571.0,28961570.0
7970193,20230901,923273184,Consejo Profesional de Geología,2.1.1.01.02.004,APORTES A CAJAS DE COMPENSACION FAMILIAR,GASTOS,FUNCIONAMIENTO,GASTOS DE PERSONAL,PLANTA DE PERSONAL PERMANENTE,CONTRIBUCIONES INHERENTES A LA NOMINA,APORTES A CAJAS DE COMPENSACION FAMILIAR,No Aplica,No Aplica,No Aplica,No Aplica,VIGENCIA ACTUAL,ENTIDADES DIFERENTES A ENTIDADES TERRITORIALES - GESTION GENERAL,NO DEFINIDO,NO DEFINIDO,NO APLICA,,,2023,Tercer Trimestre,eje_gasto,,,,NO APLICA,DISPONIBILIDAD INICIAL,,,,,,NO APLICA,,,,,,SIN SITUACION DE FONDOS,NO APLICA,NO DEFINIDO,0.0,1194272.0,1194272.0
7977165,20230901,923273184,Consejo Profesional de Geología,2.1.1.01.02.006,APORTES AL ICBF,GASTOS,FUNCIONAMIENTO,GASTOS DE PERSONAL,PLANTA DE PERSONAL PERMANENTE,CONTRIBUCIONES INHERENTES A LA NOMINA,APORTES AL ICBF,No Aplica,No Aplica,No Aplica,No Aplica,VIGENCIA ACTUAL,ENTIDADES DIFERENTES A ENTIDADES TERRITORIALES - GESTION GENERAL,NO DEFINIDO,NO DEFINIDO,NO APLICA,,,2023,Tercer Trimestre,eje_gasto,,,,NO APLICA,DISPONIBILIDAD INICIAL,,,,,,NO APLICA,,,,,,SIN SITUACION DE FONDOS,NO APLICA,NO DEFINIDO,0.0,597136.0,597136.0
7980824,20230901,923273184,Consejo Profesional de Geología,2.1.1.01.01.001.08,PRESTACIONES SOCIALES,GASTOS,FUNCIONAMIENTO,GASTOS DE PERSONAL,PLANTA DE PERSONAL PERMANENTE,FACTORES CONSTITUTIVOS DE SALARIO,FACTORES SALARIALES COMUNES,PRESTACIONES SOCIALES,No Aplica,No Aplica,No Aplica,VIGENCIA ACTUAL,ENTIDADES DIFERENTES A ENTIDADES TERRITORIALES - GESTION GENERAL,NO DEFINIDO,NO DEFINIDO,NO DEFINIDO,,,2023,Tercer Trimestre,eje_gasto,,,,NO DEFINIDO,NO DEFINIDO,,,,,,NO DEFINIDO,,,,,,NO DEFINIDO,NO DEFINIDO,NO DEFINIDO,0.0,1658511.0,0.0
7986387,20230901,923273184,Consejo Profesional de Geología,2.1.1.01.01,FACTORES CONSTITUTIVOS DE SALARIO,GASTOS,FUNCIONAMIENTO,GASTOS DE PERSONAL,PLANTA DE PERSONAL PERMANENTE,FACTORES CONSTITUTIVOS DE SALARIO,No Aplica,No Aplica,No Aplica,No Aplica,No Aplica,VIGENCIA ACTUAL,ENTIDADES DIFERENTES A ENTIDADES TERRITORIALES - GESTION GENERAL,NO DEFINIDO,NO DEFINIDO,NO DEFINIDO,,,2023,Tercer Trimestre,eje_gasto,,,,NO DEFINIDO,NO DEFINIDO,,,,,,NO DEFINIDO,,,,,,NO DEFINIDO,NO DEFINIDO,NO DEFINIDO,0.0,36665261.0,32604660.0
7992906,20230901,923273184,Consejo Profesional de Geología,2.1,FUNCIONAMIENTO,GASTOS,FUNCIONAMIENTO,No Aplica,No Aplica,No Aplica,No Aplica,No Aplica,No Aplica,No Aplica,No Aplica,VIGENCIA ACTUAL,ENTIDADES DIFERENTES A ENTIDADES TERRITORIALES - GESTION GENERAL,NO DEFINIDO,NO DEFINIDO,NO DEFINIDO,,,2023,Tercer Trimestre,eje_gasto,,,,NO DEFINIDO,NO DEFINIDO,,,,,,NO DEFINIDO,,,,,,NO DEFINIDO,NO DEFINIDO,NO DEFINIDO,0.0,47697622.0,41591557.0
11517430,20230301,923273184,Consejo Profesional de Geología,2.1.1.01.01,FACTORES CONSTITUTIVOS DE SALARIO,GASTOS,FUNCIONAMIENTO,GASTOS DE PERSONAL,PLANTA DE PERSONAL PERMANENTE,FACTORES CONSTITUTIVOS DE SALARIO,No Aplica,No Aplica,No Aplica,No Aplica,No Aplica,VIGENCIA ACTUAL,ENTIDADES DIFERENTES A ENTIDADES TERRITORIALES - GESTION GENERAL,NO DEFINIDO,NO DEFINIDO,NO DEFINIDO,,,2023,Primer Trimestre,eje_gasto,,,,NO DEFINIDO,NO DEFINIDO,,,,,,NO DEFINIDO,,,,,,NO DEFINIDO,NO DEFINIDO,NO DEFINIDO,0.0,10544343.0,9716311.0
11528579,20230301,923273184,Consejo Profesional de Geología,2.1.8,"GASTOS POR TRIBUTOS, TASAS, CONTRIBUCIONES, MULTAS, SANCIONES E INTERESES DE MORA",GASTOS,FUNCIONAMIENTO,"GASTOS POR TRIBUTOS, TASAS, CONTRIBUCIONES, MULTAS, SANCIONES E INTERESES DE MORA",No Aplica,No Aplica,No Aplica,No Aplica,No Aplica,No Aplica,No Aplica,VIGENCIA ACTUAL,ENTIDADES DIFERENTES A ENTIDADES TERRITORIALES - GESTION GENERAL,NO DEFINIDO,NO DEFINIDO,NO DEFINIDO,,,2023,Primer Trimestre,eje_gasto,,,,NO DEFINIDO,NO DEFINIDO,,,,,,NO DEFINIDO,,,,,,NO DEFINIDO,NO DEFINIDO,NO DEFINIDO,0.0,0.0,0.0
11617990,20230301,923273184,Consejo Profesional de Geología,2.1.1.01.02.003,APORTES DE CESANTIAS,GASTOS,FUNCIONAMIENTO,GASTOS DE PERSONAL,PLANTA DE PERSONAL PERMANENTE,CONTRIBUCIONES INHERENTES A LA NOMINA,APORTES DE CESANTIAS,No Aplica,No Aplica,No Aplica,No Aplica,VIGENCIA ACTUAL,ENTIDADES DIFERENTES A ENTIDADES TERRITORIALES - GESTION GENERAL,NO DEFINIDO,NO DEFINIDO,NO APLICA,,,2023,Primer Trimestre,eje_gasto,,,,NO APLICA,INGRESOS CORRIENTES DE LIBRE DESTINACION,,,,,,NO APLICA,,,,,,SIN SITUACION DE FONDOS,NO APLICA,NO DEFINIDO,0.0,634799.0,0.0
11652568,20230301,923273184,Consejo Profesional de Geología,2.1.5.01,MATERIALES Y SUMINISTROS,GASTOS,FUNCIONAMIENTO,GASTOS DE COMERCIALIZACION Y PRODUCCION,MATERIALES Y SUMINISTROS,No Aplica,No Aplica,No Aplica,No Aplica,No Aplica,No Aplica,VIGENCIA ACTUAL,ENTIDADES DIFERENTES A ENTIDADES TERRITORIALES - GESTION GENERAL,NO DEFINIDO,NO DEFINIDO,NO DEFINIDO,,,2023,Primer Trimestre,eje_gasto,,,,NO DEFINIDO,NO DEFINIDO,,,,,,NO DEFINIDO,,,,,,NO DEFINIDO,NO DEFINIDO,NO DEFINIDO,0.0,12500000.0,0.0
11772469,20230301,923273184,Consejo Profesional de Geología,2.1.1.01.01.001.05,AUXILIO DE TRANSPORTE,GASTOS,FUNCIONAMIENTO,GASTOS DE PERSONAL,PLANTA DE PERSONAL PERMANENTE,FACTORES CONSTITUTIVOS DE SALARIO,FACTORES SALARIALES COMUNES,AUXILIO DE TRANSPORTE,No Aplica,No Aplica,No Aplica,VIGENCIA ACTUAL,ENTIDADES DIFERENTES A ENTIDADES TERRITORIALES - GESTION GENERAL,NO DEFINIDO,NO DEFINIDO,NO APLICA,,,2023,Primer Trimestre,eje_gasto,,,,NO APLICA,INGRESOS CORRIENTES DE LIBRE DESTINACION,,,,,,NO APLICA,,,,,,SIN SITUACION DE FONDOS,NO APLICA,NO DEFINIDO,0.0,759272.0,759272.0
11808231,20210901,923273184,Consejo Profesional de Geología,2.1.1.01,PLANTA DE PERSONAL PERMANENTE,GASTOS,FUNCIONAMIENTO,GASTOS DE PERSONAL,PLANTA DE PERSONAL PERMANENTE,No Aplica,No Aplica,No Aplica,No Aplica,No Aplica,No Aplica,VIGENCIA ACTUAL,ENTIDADES DIFERENTES A ENTIDADES TERRITORIALES - GESTION GENERAL,NO DEFINIDO,NO DEFINIDO,NO DEFINIDO,,,2021,Tercer Trimestre,eje_gasto,,,,NO DEFINIDO,NO DEFINIDO,,,,,,NO DEFINIDO,,,,,,NO DEFINIDO,NO DEFINIDO,NO DEFINIDO,0.0,28156215.0,15805536.0
11884993,20211201,923273184,Consejo Profesional de Geología,2.1.1.01.01.001.01,SUELDO BASICO,GASTOS,FUNCIONAMIENTO,GASTOS DE PERSONAL,PLANTA DE PERSONAL PERMANENTE,FACTORES CONSTITUTIVOS DE SALARIO,FACTORES SALARIALES COMUNES,SUELDO BASICO,No Aplica,No Aplica,No Aplica,VIGENCIA ACTUAL,ENTIDADES DIFERENTES A ENTIDADES TERRITORIALES - GESTION GENERAL,NO DEFINIDO,NO DEFINIDO,NO APLICA,,,2021,Cuarto Trimestre,eje_gasto,,,,NO APLICA,INGRESOS CORRIENTES DE LIBRE DESTINACION,,,,,,NO APLICA,,,,,,SIN SITUACION DE FONDOS,NO APLICA,NO DEFINIDO,0.0,50279596.0,46376252.0
11891820,20230301,923273184,Consejo Profesional de Geología,2.1.1,GASTOS DE PERSONAL,GASTOS,FUNCIONAMIENTO,GASTOS DE PERSONAL,No Aplica,No Aplica,No Aplica,No Aplica,No Aplica,No Aplica,No Aplica,VIGENCIA ACTUAL,ENTIDADES DIFERENTES A ENTIDADES TERRITORIALES - GESTION GENERAL,NO DEFINIDO,NO DEFINIDO,NO DEFINIDO,,,2023,Primer Trimestre,eje_gasto,,,,NO DEFINIDO,NO DEFINIDO,,,,,,NO DEFINIDO,,,,,,NO DEFINIDO,NO DEFINIDO,NO DEFINIDO,0.0,14174774.0,11713456.0
11900057,20230301,923273184,Consejo Profesional de Geología,2.1.2.02.02.009,"SERVICIOS PARA LA COMUNIDAD, SOCIALES Y PERSONALES",GASTOS,FUNCIONAMIENTO,ADQUISICION DE BIENES Y SERVICIOS,ADQUISICIONES DIFERENTES DE ACTIVOS,ADQUISICION DE SERVICIOS,"SERVICIOS PARA LA COMUNIDAD, SOCIALES Y PERSONALES",No Aplica,No Aplica,No Aplica,No Aplica,VIGENCIA ACTUAL,ENTIDADES DIFERENTES A ENTIDADES TERRITORIALES - GESTION GENERAL,NO DEFINIDO,NO DEFINIDO,ORGANISMOS DE CONTROL,,,2023,Primer Trimestre,eje_gasto,,,,OTROS SERVICIOS DIVERSOS N C P,INGRESOS CORRIENTES DE LIBRE DESTINACION,,,,,,NO APLICA,,,,,,SIN SITUACION DE FONDOS,NO APLICA,NO DEFINIDO,0.0,5000000.0,5000000.0
11982973,20210901,923273184,Consejo Profesional de Geología,2.1.1.01.01,FACTORES CONSTITUTIVOS DE SALARIO,GASTOS,FUNCIONAMIENTO,GASTOS DE PERSONAL,PLANTA DE PERSONAL PERMANENTE,FACTORES CONSTITUTIVOS DE SALARIO,No Aplica,No Aplica,No Aplica,No Aplica,No Aplica,VIGENCIA ACTUAL,ENTIDADES DIFERENTES A ENTIDADES TERRITORIALES - GESTION GENERAL,NO DEFINIDO,NO DEFINIDO,NO DEFINIDO,,,2021,Tercer Trimestre,eje_gasto,,,,NO DEFINIDO,NO DEFINIDO,,,,,,NO DEFINIDO,,,,,,NO DEFINIDO,NO DEFINIDO,NO DEFINIDO,0.0,28156215.0,15805536.0
12042775,20230301,923273184,Consejo Profesional de Geología,2.1.1.01.01.001.08,PRESTACIONES SOCIALES,GASTOS,FUNCIONAMIENTO,GASTOS DE PERSONAL,PLANTA DE PERSONAL PERMANENTE,FACTORES CONSTITUTIVOS DE SALARIO,FACTORES SALARIALES COMUNES,PRESTACIONES SOCIALES,No Aplica,No Aplica,No Aplica,VIGENCIA ACTUAL,ENTIDADES DIFERENTES A ENTIDADES TERRITORIALES - GESTION GENERAL,NO DEFINIDO,NO DEFINIDO,NO DEFINIDO,,,2023,Primer Trimestre,eje_gasto,,,,NO DEFINIDO,NO DEFINIDO,,,,,,NO DEFINIDO,,,,,,NO DEFINIDO,NO DEFINIDO,NO DEFINIDO,0.0,261247.0,0.0
12091332,20211201,923273184,Consejo Profesional de Geología,2.1.1.01,PLANTA DE PERSONAL PERMANENTE,GASTOS,FUNCIONAMIENTO,GASTOS DE PERSONAL,PLANTA DE PERSONAL PERMANENTE,No Aplica,No Aplica,No Aplica,No Aplica,No Aplica,No Aplica,VIGENCIA ACTUAL,ENTIDADES DIFERENTES A ENTIDADES TERRITORIALES - GESTION GENERAL,NO DEFINIDO,NO DEFINIDO,NO DEFINIDO,,,2021,Cuarto Trimestre,eje_gasto,,,,NO DEFINIDO,NO DEFINIDO,,,,,,NO DEFINIDO,,,,,,NO DEFINIDO,NO DEFINIDO,NO DEFINIDO,0.0,50279596.0,46376252.0
12102078,20211201,923273184,Consejo Profesional de Geología,2.1.1.01.01.001,FACTORES SALARIALES COMUNES,GASTOS,FUNCIONAMIENTO,GASTOS DE PERSONAL,PLANTA DE PERSONAL PERMANENTE,FACTORES CONSTITUTIVOS DE SALARIO,FACTORES SALARIALES COMUNES,No Aplica,No Aplica,No Aplica,No Aplica,VIGENCIA ACTUAL,ENTIDADES DIFERENTES A ENTIDADES TERRITORIALES - GESTION GENERAL,NO DEFINIDO,NO DEFINIDO,NO DEFINIDO,,,2021,Cuarto Trimestre,eje_gasto,,,,NO DEFINIDO,NO DEFINIDO,,,,,,NO DEFINIDO,,,,,,NO DEFINIDO,NO DEFINIDO,NO DEFINIDO,0.0,50279596.0,46376252.0
12121713,20230301,923273184,Consejo Profesional de Geología,2.1.5,GASTOS DE COMERCIALIZACION Y PRODUCCION,GASTOS,FUNCIONAMIENTO,GASTOS DE COMERCIALIZACION Y PRODUCCION,No Aplica,No Aplica,No Aplica,No Aplica,No Aplica,No Aplica,No Aplica,VIGENCIA ACTUAL,ENTIDADES DIFERENTES A ENTIDADES TERRITORIALES - GESTION GENERAL,NO DEFINIDO,NO DEFINIDO,NO DEFINIDO,,,2023,Primer Trimestre,eje_gasto,,,,NO DEFINIDO,NO DEFINIDO,,,,,,NO DEFINIDO,,,,,,NO DEFINIDO,NO DEFINIDO,NO DEFINIDO,0.0,13846371.0,0.0
12236666,20230301,923273184,Consejo Profesional de Geología,2.1.2.02.02,ADQUISICION DE SERVICIOS,GASTOS,FUNCIONAMIENTO,ADQUISICION DE BIENES Y SERVICIOS,ADQUISICIONES DIFERENTES DE ACTIVOS,ADQUISICION DE SERVICIOS,No Aplica,No Aplica,No Aplica,No Aplica,No Aplica,VIGENCIA ACTUAL,ENTIDADES DIFERENTES A ENTIDADES TERRITORIALES - GESTION GENERAL,NO DEFINIDO,NO DEFINIDO,NO DEFINIDO,,,2023,Primer Trimestre,eje_gasto,,,,NO DEFINIDO,NO DEFINIDO,,,,,,NO DEFINIDO,,,,,,NO DEFINIDO,NO DEFINIDO,NO DEFINIDO,0.0,49106550.0,5000000.0
12330455,20230301,923273184,Consejo Profesional de Geología,2.1.2,ADQUISICION DE BIENES Y SERVICIOS,GASTOS,FUNCIONAMIENTO,ADQUISICION DE BIENES Y SERVICIOS,No Aplica,No Aplica,No Aplica,No Aplica,No Aplica,No Aplica,No Aplica,VIGENCIA ACTUAL,ENTIDADES DIFERENTES A ENTIDADES TERRITORIALES - GESTION GENERAL,NO DEFINIDO,NO DEFINIDO,NO DEFINIDO,,,2023,Primer Trimestre,eje_gasto,,,,NO DEFINIDO,NO DEFINIDO,,,,,,NO DEFINIDO,,,,,,NO DEFINIDO,NO DEFINIDO,NO DEFINIDO,0.0,49106550.0,5000000.0
12406268,20210901,923273184,Consejo Profesional de Geología,2.1.1.01.01.001.01,SUELDO BASICO,GASTOS,FUNCIONAMIENTO,GASTOS DE PERSONAL,PLANTA DE PERSONAL PERMANENTE,FACTORES CONSTITUTIVOS DE SALARIO,FACTORES SALARIALES COMUNES,SUELDO BASICO,No Aplica,No Aplica,No Aplica,VIGENCIA ACTUAL,ENTIDADES DIFERENTES A ENTIDADES TERRITORIALES - GESTION GENERAL,NO DEFINIDO,NO DEFINIDO,NO APLICA,,,2021,Tercer Trimestre,eje_gasto,,,,NO APLICA,1.2.1.0.00 - INGRESOS CORRIENTES DE LIBRE DESTINACION,,,,,,NO APLICA,,,,,,SIN SITUACION DE FONDOS,NO APLICA,NO DEFINIDO,0.0,28156215.0,15805536.0
12441402,20230301,923273184,Consejo Profesional de Geología,2.1.8.04,CONTRIBUCIONES,GASTOS,FUNCIONAMIENTO,"GASTOS POR TRIBUTOS, TASAS, CONTRIBUCIONES, MULTAS, SANCIONES E INTERESES DE MORA",CONTRIBUCIONES,No Aplica,No Aplica,No Aplica,No Aplica,No Aplica,No Aplica,VIGENCIA ACTUAL,ENTIDADES DIFERENTES A ENTIDADES TERRITORIALES - GESTION GENERAL,NO DEFINIDO,NO DEFINIDO,NO DEFINIDO,,,2023,Primer Trimestre,eje_gasto,,,,NO DEFINIDO,NO DEFINIDO,,,,,,NO DEFINIDO,,,,,,NO DEFINIDO,NO DEFINIDO,NO DEFINIDO,0.0,0.0,0.0
12568868,20230301,923273184,Consejo Profesional de Geología,2.1.1.01.02.004,APORTES A CAJAS DE COMPENSACION FAMILIAR,GASTOS,FUNCIONAMIENTO,GASTOS DE PERSONAL,PLANTA DE PERSONAL PERMANENTE,CONTRIBUCIONES INHERENTES A LA NOMINA,APORTES A CAJAS DE COMPENSACION FAMILIAR,No Aplica,No Aplica,No Aplica,No Aplica,VIGENCIA ACTUAL,ENTIDADES DIFERENTES A ENTIDADES TERRITORIALES - GESTION GENERAL,NO DEFINIDO,NO DEFINIDO,NO APLICA,,,2023,Primer Trimestre,eje_gasto,,,,NO APLICA,INGRESOS CORRIENTES DE LIBRE DESTINACION,,,,,,NO APLICA,,,,,,SIN SITUACION DE FONDOS,NO APLICA,NO DEFINIDO,0.0,398091.0,265394.0
12658340,20230301,923273184,Consejo Profesional de Geología,2.1.1.01.02.006,APORTES AL ICBF,GASTOS,FUNCIONAMIENTO,GASTOS DE PERSONAL,PLANTA DE PERSONAL PERMANENTE,CONTRIBUCIONES INHERENTES A LA NOMINA,APORTES AL ICBF,No Aplica,No Aplica,No Aplica,No Aplica,VIGENCIA ACTUAL,ENTIDADES DIFERENTES A ENTIDADES TERRITORIALES - GESTION GENERAL,NO DEFINIDO,NO DEFINIDO,NO APLICA,,,2023,Primer Trimestre,eje_gasto,,,,NO APLICA,INGRESOS CORRIENTES DE LIBRE DESTINACION,,,,,,NO APLICA,,,,,,SIN SITUACION DE FONDOS,NO APLICA,NO DEFINIDO,0.0,199045.0,132697.0
12877931,20230301,923273184,Consejo Profesional de Geología,2.1.1.01.01.001.06,PRIMA DE SERVICIO,GASTOS,FUNCIONAMIENTO,GASTOS DE PERSONAL,PLANTA DE PERSONAL PERMANENTE,FACTORES CONSTITUTIVOS DE SALARIO,FACTORES SALARIALES COMUNES,PRIMA DE SERVICIO,No Aplica,No Aplica,No Aplica,VIGENCIA ACTUAL,ENTIDADES DIFERENTES A ENTIDADES TERRITORIALES - GESTION GENERAL,NO DEFINIDO,NO DEFINIDO,NO APLICA,,,2023,Primer Trimestre,eje_gasto,,,,NO APLICA,INGRESOS CORRIENTES DE LIBRE DESTINACION,,,,,,NO APLICA,,,,,,SIN SITUACION DE FONDOS,NO APLICA,NO DEFINIDO,0.0,566785.0,0.0
12884262,20230301,923273184,Consejo Profesional de Geología,2,GASTOS,GASTOS,No Aplica,No Aplica,No Aplica,No Aplica,No Aplica,No Aplica,No Aplica,No Aplica,No Aplica,VIGENCIA ACTUAL,ENTIDADES DIFERENTES A ENTIDADES TERRITORIALES - GESTION GENERAL,NO DEFINIDO,NO DEFINIDO,NO DEFINIDO,,,2023,Primer Trimestre,eje_gasto,,,,NO DEFINIDO,NO DEFINIDO,,,,,,NO DEFINIDO,,,,,,NO DEFINIDO,NO DEFINIDO,NO DEFINIDO,0.0,77127695.0,16713456.0
12977050,20230301,923273184,Consejo Profesional de Geología,2.1.1.01.01.001,FACTORES SALARIALES COMUNES,GASTOS,FUNCIONAMIENTO,GASTOS DE PERSONAL,PLANTA DE PERSONAL PERMANENTE,FACTORES CONSTITUTIVOS DE SALARIO,FACTORES SALARIALES COMUNES,No Aplica,No Aplica,No Aplica,No Aplica,VIGENCIA ACTUAL,ENTIDADES DIFERENTES A ENTIDADES TERRITORIALES - GESTION GENERAL,NO DEFINIDO,NO DEFINIDO,NO DEFINIDO,,,2023,Primer Trimestre,eje_gasto,,,,NO DEFINIDO,NO DEFINIDO,,,,,,NO DEFINIDO,,,,,,NO DEFINIDO,NO DEFINIDO,NO DEFINIDO,0.0,10544343.0,9716311.0
13062797,20230301,923273184,Consejo Profesional de Geología,2.1.1.01.01.001.01,SUELDO BASICO,GASTOS,FUNCIONAMIENTO,GASTOS DE PERSONAL,PLANTA DE PERSONAL PERMANENTE,FACTORES CONSTITUTIVOS DE SALARIO,FACTORES SALARIALES COMUNES,SUELDO BASICO,No Aplica,No Aplica,No Aplica,VIGENCIA ACTUAL,ENTIDADES DIFERENTES A ENTIDADES TERRITORIALES - GESTION GENERAL,NO DEFINIDO,NO DEFINIDO,NO APLICA,,,2023,Primer Trimestre,eje_gasto,,,,NO APLICA,INGRESOS CORRIENTES DE LIBRE DESTINACION,,,,,,NO APLICA,,,,,,SIN SITUACION DE FONDOS,NO APLICA,NO DEFINIDO,0.0,8957039.0,8957039.0
13069866,20230301,923273184,Consejo Profesional de Geología,2.1.2.02.02.008,SERVICIOS PRESTADOS A LAS EMPRESAS Y SERVICIOS DE PRODUCCION,GASTOS,FUNCIONAMIENTO,ADQUISICION DE BIENES Y SERVICIOS,ADQUISICIONES DIFERENTES DE ACTIVOS,ADQUISICION DE SERVICIOS,SERVICIOS PRESTADOS A LAS EMPRESAS Y SERVICIOS DE PRODUCCION,No Aplica,No Aplica,No Aplica,No Aplica,VIGENCIA ACTUAL,ENTIDADES DIFERENTES A ENTIDADES TERRITORIALES - GESTION GENERAL,NO DEFINIDO,NO DEFINIDO,ORGANISMOS DE CONTROL,,,2023,Primer Trimestre,eje_gasto,,,,OTROS SERVICIOS DIVERSOS N C P,INGRESOS CORRIENTES DE LIBRE DESTINACION,,,,,,NO APLICA,,,,,,SIN SITUACION DE FONDOS,NO APLICA,NO DEFINIDO,0.0,44106550.0,0.0
13156503,20211201,923273184,Consejo Profesional de Geología,2,GASTOS,GASTOS,No Aplica,No Aplica,No Aplica,No Aplica,No Aplica,No Aplica,No Aplica,No Aplica,No Aplica,VIGENCIA ACTUAL,ENTIDADES DIFERENTES A ENTIDADES TERRITORIALES - GESTION GENERAL,NO DEFINIDO,NO DEFINIDO,NO DEFINIDO,,,2021,Cuarto Trimestre,eje_gasto,,,,NO DEFINIDO,NO DEFINIDO,,,,,,NO DEFINIDO,,,,,,NO DEFINIDO,NO DEFINIDO,NO DEFINIDO,0.0,50279596.0,46376252.0
13238835,20210901,923273184,Consejo Profesional de Geología,2,GASTOS,GASTOS,No Aplica,No Aplica,No Aplica,No Aplica,No Aplica,No Aplica,No Aplica,No Aplica,No Aplica,VIGENCIA ACTUAL,ENTIDADES DIFERENTES A ENTIDADES TERRITORIALES - GESTION GENERAL,NO DEFINIDO,NO DEFINIDO,NO DEFINIDO,,,2021,Tercer Trimestre,eje_gasto,,,,NO DEFINIDO,NO DEFINIDO,,,,,,NO DEFINIDO,,,,,,NO DEFINIDO,NO DEFINIDO,NO DEFINIDO,0.0,28156215.0,15805536.0
13481620,20230301,923273184,Consejo Profesional de Geología,2.1.1.01.01.001.08.02,PRIMA DE VACACIONES,GASTOS,FUNCIONAMIENTO,GASTOS DE PERSONAL,PLANTA DE PERSONAL PERMANENTE,FACTORES CONSTITUTIVOS DE SALARIO,FACTORES SALARIALES COMUNES,PRESTACIONES SOCIALES,PRIMA DE VACACIONES,No Aplica,No Aplica,VIGENCIA ACTUAL,ENTIDADES DIFERENTES A ENTIDADES TERRITORIALES - GESTION GENERAL,NO DEFINIDO,NO DEFINIDO,NO APLICA,,,2023,Primer Trimestre,eje_gasto,,,,NO APLICA,INGRESOS CORRIENTES DE LIBRE DESTINACION,,,,,,NO APLICA,,,,,,SIN SITUACION DE FONDOS,NO APLICA,NO DEFINIDO,0.0,261247.0,0.0
13586052,20210901,923273184,Consejo Profesional de Geología,2.1,FUNCIONAMIENTO,GASTOS,FUNCIONAMIENTO,No Aplica,No Aplica,No Aplica,No Aplica,No Aplica,No Aplica,No Aplica,No Aplica,VIGENCIA ACTUAL,ENTIDADES DIFERENTES A ENTIDADES TERRITORIALES - GESTION GENERAL,NO DEFINIDO,NO DEFINIDO,NO DEFINIDO,,,2021,Tercer Trimestre,eje_gasto,,,,NO DEFINIDO,NO DEFINIDO,,,,,,NO DEFINIDO,,,,,,NO DEFINIDO,NO DEFINIDO,NO DEFINIDO,0.0,28156215.0,15805536.0
13649907,20210901,923273184,Consejo Profesional de Geología,2.1.1,GASTOS DE PERSONAL,GASTOS,FUNCIONAMIENTO,GASTOS DE PERSONAL,No Aplica,No Aplica,No Aplica,No Aplica,No Aplica,No Aplica,No Aplica,VIGENCIA ACTUAL,ENTIDADES DIFERENTES A ENTIDADES TERRITORIALES - GESTION GENERAL,NO DEFINIDO,NO DEFINIDO,NO DEFINIDO,,,2021,Tercer Trimestre,eje_gasto,,,,NO DEFINIDO,NO DEFINIDO,,,,,,NO DEFINIDO,,,,,,NO DEFINIDO,NO DEFINIDO,NO DEFINIDO,0.0,28156215.0,15805536.0
13704549,20230301,923273184,Consejo Profesional de Geología,2.1.5.01.03,"OTROS BIENES TRANSPORTABLES EXCEPTO PRODUCTOS METALICOS, MAQUINARIA Y EQUIPO",GASTOS,FUNCIONAMIENTO,GASTOS DE COMERCIALIZACION Y PRODUCCION,MATERIALES Y SUMINISTROS,"OTROS BIENES TRANSPORTABLES EXCEPTO PRODUCTOS METALICOS, MAQUINARIA Y EQUIPO",No Aplica,No Aplica,No Aplica,No Aplica,No Aplica,VIGENCIA ACTUAL,ENTIDADES DIFERENTES A ENTIDADES TERRITORIALES - GESTION GENERAL,NO DEFINIDO,NO DEFINIDO,ORGANISMOS DE CONTROL,,,2023,Primer Trimestre,eje_gasto,,,,OTROS SERVICIOS DIVERSOS N C P,INGRESOS CORRIENTES DE LIBRE DESTINACION,,,,,,NO APLICA,,,,,,SIN SITUACION DE FONDOS,NO APLICA,NO DEFINIDO,0.0,10000000.0,0.0
13782251,20230301,923273184,Consejo Profesional de Geología,2.1.1.01.02,CONTRIBUCIONES INHERENTES A LA NOMINA,GASTOS,FUNCIONAMIENTO,GASTOS DE PERSONAL,PLANTA DE PERSONAL PERMANENTE,CONTRIBUCIONES INHERENTES A LA NOMINA,No Aplica,No Aplica,No Aplica,No Aplica,No Aplica,VIGENCIA ACTUAL,ENTIDADES DIFERENTES A ENTIDADES TERRITORIALES - GESTION GENERAL,NO DEFINIDO,NO DEFINIDO,NO DEFINIDO,,,2023,Primer Trimestre,eje_gasto,,,,NO DEFINIDO,NO DEFINIDO,,,,,,NO DEFINIDO,,,,,,NO DEFINIDO,NO DEFINIDO,NO DEFINIDO,0.0,3630431.0,1997145.0
13836926,20211201,923273184,Consejo Profesional de Geología,2.1.1,GASTOS DE PERSONAL,GASTOS,FUNCIONAMIENTO,GASTOS DE PERSONAL,No Aplica,No Aplica,No Aplica,No Aplica,No Aplica,No Aplica,No Aplica,VIGENCIA ACTUAL,ENTIDADES DIFERENTES A ENTIDADES TERRITORIALES - GESTION GENERAL,NO DEFINIDO,NO DEFINIDO,NO DEFINIDO,,,2021,Cuarto Trimestre,eje_gasto,,,,NO DEFINIDO,NO DEFINIDO,,,,,,NO DEFINIDO,,,,,,NO DEFINIDO,NO DEFINIDO,NO DEFINIDO,0.0,50279596.0,46376252.0
13857673,20230301,923273184,Consejo Profesional de Geología,2.1.1.01.02.001,APORTES A LA SEGURIDAD SOCIAL EN PENSIONES,GASTOS,FUNCIONAMIENTO,GASTOS DE PERSONAL,PLANTA DE PERSONAL PERMANENTE,CONTRIBUCIONES INHERENTES A LA NOMINA,APORTES A LA SEGURIDAD SOCIAL EN PENSIONES,No Aplica,No Aplica,No Aplica,No Aplica,VIGENCIA ACTUAL,ENTIDADES DIFERENTES A ENTIDADES TERRITORIALES - GESTION GENERAL,NO DEFINIDO,NO DEFINIDO,NO APLICA,,,2023,Primer Trimestre,eje_gasto,,,,NO APLICA,INGRESOS CORRIENTES DE LIBRE DESTINACION,,,,,,NO APLICA,,,,,,SIN SITUACION DE FONDOS,NO APLICA,NO DEFINIDO,0.0,1244033.0,829400.0
13860260,20230301,923273184,Consejo Profesional de Geología,2.1,FUNCIONAMIENTO,GASTOS,FUNCIONAMIENTO,No Aplica,No Aplica,No Aplica,No Aplica,No Aplica,No Aplica,No Aplica,No Aplica,VIGENCIA ACTUAL,ENTIDADES DIFERENTES A ENTIDADES TERRITORIALES - GESTION GENERAL,NO DEFINIDO,NO DEFINIDO,NO DEFINIDO,,,2023,Primer Trimestre,eje_gasto,,,,NO DEFINIDO,NO DEFINIDO,,,,,,NO DEFINIDO,,,,,,NO DEFINIDO,NO DEFINIDO,NO DEFINIDO,0.0,77127695.0,16713456.0
13873817,20230301,923273184,Consejo Profesional de Geología,2.1.8.04.01,CUOTA DE FISCALIZACION Y AUDITAJE,GASTOS,FUNCIONAMIENTO,"GASTOS POR TRIBUTOS, TASAS, CONTRIBUCIONES, MULTAS, SANCIONES E INTERESES DE MORA",CONTRIBUCIONES,CUOTA DE FISCALIZACION Y AUDITAJE,No Aplica,No Aplica,No Aplica,No Aplica,No Aplica,VIGENCIA ACTUAL,ENTIDADES DIFERENTES A ENTIDADES TERRITORIALES - GESTION GENERAL,NO DEFINIDO,NO DEFINIDO,NO APLICA,,,2023,Primer Trimestre,eje_gasto,,,,NO APLICA,INGRESOS CORRIENTES DE LIBRE DESTINACION,,,,,,NO APLICA,,,,,,SIN SITUACION DE FONDOS,NO APLICA,NO DEFINIDO,0.0,0.0,0.0
13887118,20230301,923273184,Consejo Profesional de Geología,2.1.5.02.07,SERVICIOS FINANCIEROS Y SERVICIOS CONEXOS; SERVICIOS INMOBILIARIOS; Y SERVICIOS DE ARRENDAMIENTO Y LEASING,GASTOS,FUNCIONAMIENTO,GASTOS DE COMERCIALIZACION Y PRODUCCION,ADQUISICION DE SERVICIOS,SERVICIOS FINANCIEROS Y SERVICIOS CONEXOS; SERVICIOS INMOBILIARIOS; Y SERVICIOS DE ARRENDAMIENTO Y LEASING,No Aplica,No Aplica,No Aplica,No Aplica,No Aplica,VIGENCIA ACTUAL,ENTIDADES DIFERENTES A ENTIDADES TERRITORIALES - GESTION GENERAL,NO DEFINIDO,NO DEFINIDO,ORGANISMOS DE CONTROL,,,2023,Primer Trimestre,eje_gasto,,,,OTROS SERVICIOS DIVERSOS N C P,INGRESOS CORRIENTES DE LIBRE DESTINACION,,,,,,NO APLICA,,,,,,SIN SITUACION DE FONDOS,NO APLICA,NO DEFINIDO,0.0,1346371.0,0.0
13993913,20230301,923273184,Consejo Profesional de Geología,2.1.2.02,ADQUISICIONES DIFERENTES DE ACTIVOS,GASTOS,FUNCIONAMIENTO,ADQUISICION DE BIENES Y SERVICIOS,ADQUISICIONES DIFERENTES DE ACTIVOS,No Aplica,No Aplica,No Aplica,No Aplica,No Aplica,No Aplica,VIGENCIA ACTUAL,ENTIDADES DIFERENTES A ENTIDADES TERRITORIALES - GESTION GENERAL,NO DEFINIDO,NO DEFINIDO,NO DEFINIDO,,,2023,Primer Trimestre,eje_gasto,,,,NO DEFINIDO,NO DEFINIDO,,,,,,NO DEFINIDO,,,,,,NO DEFINIDO,NO DEFINIDO,NO DEFINIDO,0.0,49106550.0,5000000.0
14033198,20210901,923273184,Consejo Profesional de Geología,2.1.1.01.01.001,FACTORES SALARIALES COMUNES,GASTOS,FUNCIONAMIENTO,GASTOS DE PERSONAL,PLANTA DE PERSONAL PERMANENTE,FACTORES CONSTITUTIVOS DE SALARIO,FACTORES SALARIALES COMUNES,No Aplica,No Aplica,No Aplica,No Aplica,VIGENCIA ACTUAL,ENTIDADES DIFERENTES A ENTIDADES TERRITORIALES - GESTION GENERAL,NO DEFINIDO,NO DEFINIDO,NO DEFINIDO,,,2021,Tercer Trimestre,eje_gasto,,,,NO DEFINIDO,NO DEFINIDO,,,,,,NO DEFINIDO,,,,,,NO DEFINIDO,NO DEFINIDO,NO DEFINIDO,0.0,28156215.0,15805536.0
14122007,20230301,923273184,Consejo Profesional de Geología,2.1.5.02,ADQUISICION DE SERVICIOS,GASTOS,FUNCIONAMIENTO,GASTOS DE COMERCIALIZACION Y PRODUCCION,ADQUISICION DE SERVICIOS,No Aplica,No Aplica,No Aplica,No Aplica,No Aplica,No Aplica,VIGENCIA ACTUAL,ENTIDADES DIFERENTES A ENTIDADES TERRITORIALES - GESTION GENERAL,NO DEFINIDO,NO DEFINIDO,NO DEFINIDO,,,2023,Primer Trimestre,eje_gasto,,,,NO DEFINIDO,NO DEFINIDO,,,,,,NO DEFINIDO,,,,,,NO DEFINIDO,NO DEFINIDO,NO DEFINIDO,0.0,1346371.0,0.0
14310720,20230301,923273184,Consejo Profesional de Geología,2.1.1.01.02.005,APORTES GENERALES AL SISTEMA DE RIESGOS LABORALES,GASTOS,FUNCIONAMIENTO,GASTOS DE PERSONAL,PLANTA DE PERSONAL PERMANENTE,CONTRIBUCIONES INHERENTES A LA NOMINA,APORTES GENERALES AL SISTEMA DE RIESGOS LABORALES,No Aplica,No Aplica,No Aplica,No Aplica,VIGENCIA ACTUAL,ENTIDADES DIFERENTES A ENTIDADES TERRITORIALES - GESTION GENERAL,NO DEFINIDO,NO DEFINIDO,NO APLICA,,,2023,Primer Trimestre,eje_gasto,,,,NO APLICA,INGRESOS CORRIENTES DE LIBRE DESTINACION,,,,,,NO APLICA,,,,,,SIN SITUACION DE FONDOS,NO APLICA,NO DEFINIDO,0.0,59714.0,39809.0
14334496,20211201,923273184,Consejo Profesional de Geología,2.1.1.01.01,FACTORES CONSTITUTIVOS DE SALARIO,GASTOS,FUNCIONAMIENTO,GASTOS DE PERSONAL,PLANTA DE PERSONAL PERMANENTE,FACTORES CONSTITUTIVOS DE SALARIO,No Aplica,No Aplica,No Aplica,No Aplica,No Aplica,VIGENCIA ACTUAL,ENTIDADES DIFERENTES A ENTIDADES TERRITORIALES - GESTION GENERAL,NO DEFINIDO,NO DEFINIDO,NO DEFINIDO,,,2021,Cuarto Trimestre,eje_gasto,,,,NO DEFINIDO,NO DEFINIDO,,,,,,NO DEFINIDO,,,,,,NO DEFINIDO,NO DEFINIDO,NO DEFINIDO,0.0,50279596.0,46376252.0
14369307,20230301,923273184,Consejo Profesional de Geología,2.1.5.01.02,"PRODUCTOS ALIMENTICIOS, BEBIDAS Y TABACO, TEXTILES, PRENDAS DE VESTIR Y PRODUCTOS DE CUERO",GASTOS,FUNCIONAMIENTO,GASTOS DE COMERCIALIZACION Y PRODUCCION,MATERIALES Y SUMINISTROS,"PRODUCTOS ALIMENTICIOS, BEBIDAS Y TABACO, TEXTILES, PRENDAS DE VESTIR Y PRODUCTOS DE CUERO",No Aplica,No Aplica,No Aplica,No Aplica,No Aplica,VIGENCIA ACTUAL,ENTIDADES DIFERENTES A ENTIDADES TERRITORIALES - GESTION GENERAL,NO DEFINIDO,NO DEFINIDO,ORGANISMOS DE CONTROL,,,2023,Primer Trimestre,eje_gasto,,,,OTROS SERVICIOS DIVERSOS N C P,INGRESOS CORRIENTES DE LIBRE DESTINACION,,,,,,NO APLICA,,,,,,SIN SITUACION DE FONDOS,NO APLICA,NO DEFINIDO,0.0,2500000.0,0.0
14371092,20230301,923273184,Consejo Profesional de Geología,2.1.1.01.02.002,APORTES A LA SEGURIDAD SOCIAL EN SALUD,GASTOS,FUNCIONAMIENTO,GASTOS DE PERSONAL,PLANTA DE PERSONAL PERMANENTE,CONTRIBUCIONES INHERENTES A LA NOMINA,APORTES A LA SEGURIDAD SOCIAL EN SALUD,No Aplica,No Aplica,No Aplica,No Aplica,VIGENCIA ACTUAL,ENTIDADES DIFERENTES A ENTIDADES TERRITORIALES - GESTION GENERAL,NO DEFINIDO,NO DEFINIDO,NO APLICA,,,2023,Primer Trimestre,eje_gasto,,,,NO APLICA,INGRESOS CORRIENTES DE LIBRE DESTINACION,,,,,,NO APLICA,,,,,,SIN SITUACION DE FONDOS,NO APLICA,NO DEFINIDO,0.0,796181.0,530800.0
14372351,20211201,923273184,Consejo Profesional de Geología,2.1,FUNCIONAMIENTO,GASTOS,FUNCIONAMIENTO,No Aplica,No Aplica,No Aplica,No Aplica,No Aplica,No Aplica,No Aplica,No Aplica,VIGENCIA ACTUAL,ENTIDADES DIFERENTES A ENTIDADES TERRITORIALES - GESTION GENERAL,NO DEFINIDO,NO DEFINIDO,NO DEFINIDO,,,2021,Cuarto Trimestre,eje_gasto,,,,NO DEFINIDO,NO DEFINIDO,,,,,,NO DEFINIDO,,,,,,NO DEFINIDO,NO DEFINIDO,NO DEFINIDO,0.0,50279596.0,46376252.0
14376696,20230301,923273184,Consejo Profesional de Geología,2.1.1.01.02.007,APORTES AL SENA,GASTOS,FUNCIONAMIENTO,GASTOS DE PERSONAL,PLANTA DE PERSONAL PERMANENTE,CONTRIBUCIONES INHERENTES A LA NOMINA,APORTES AL SENA,No Aplica,No Aplica,No Aplica,No Aplica,VIGENCIA ACTUAL,ENTIDADES DIFERENTES A ENTIDADES TERRITORIALES - GESTION GENERAL,NO DEFINIDO,NO DEFINIDO,NO APLICA,,,2023,Primer Trimestre,eje_gasto,,,,NO APLICA,INGRESOS CORRIENTES DE LIBRE DESTINACION,,,,,,NO APLICA,,,,,,SIN SITUACION DE FONDOS,NO APLICA,NO DEFINIDO,0.0,298568.0,199045.0
14380642,20230301,923273184,Consejo Profesional de Geología,2.1.1.01,PLANTA DE PERSONAL PERMANENTE,GASTOS,FUNCIONAMIENTO,GASTOS DE PERSONAL,PLANTA DE PERSONAL PERMANENTE,No Aplica,No Aplica,No Aplica,No Aplica,No Aplica,No Aplica,VIGENCIA ACTUAL,ENTIDADES DIFERENTES A ENTIDADES TERRITORIALES - GESTION GENERAL,NO DEFINIDO,NO DEFINIDO,NO DEFINIDO,,,2023,Primer Trimestre,eje_gasto,,,,NO DEFINIDO,NO DEFINIDO,,,,,,NO DEFINIDO,,,,,,NO DEFINIDO,NO DEFINIDO,NO DEFINIDO,0.0,14174774.0,11713456.0
